"RANK,NAME,TEAM,CUR,POS,AGE,GP,MpG,USG%,TO%,FTA,FT%,2PA,2P%,3PA,3P%,eFG%,TS%,PpG,RpG,ApG,SpG,BpG,TOpG,P+R,P+A,P+R+A,VI,ORtg,DRtg"
",Jabari Smith Jr.,Hou,*,F,22.6,21,33.5,18,10,64,0.797,135,0.541,118,0.356,0.538,0.574,15.4,6.6,2,0.8,0.8,1.3,22,17.3,23.9,7,124.1,106.6"
",Alperen Sengun,Hou,*,C,23.4,20,35.9,26.8,16.4,136,0.735,286,0.524,55,0.364,0.528,0.574,23,9.4,7,1.5,1,3.4,32.4,30,39.4,12.8,122.8,104.3"
",Steven Adams,Hou,*,C,32.4,18,21.6,12.4,20.1,42,0.762,79,0.532,0,0,0.532,0.595,6.4,9.1,1.6,0.7,0.7,1.1,15.5,8,17.1,8.4,135.2,104.9"
",Kevin Durant,Hou,*,F,37.2,20,35.4,26.7,14.6,130,0.892,253,0.538,91,0.396,0.552,0.618,24.8,4.6,3.9,1,0.6,3,29.4,28.7,33.2,8.6,123.7,109.9"
",Amen Thompson,Hou,*,G-F,22.9,22,36.2,21.1,15.5,94,0.809,263,0.536,47,0.191,0.498,0.548,17.5,7.1,5.2,1.4,0.5,2.6,24.6,22.7,29.9,9.6,119.7,109"
",Tari Eason,Hou,*,F,24.6,11,23.2,18.8,16.6,7,0.714,42,0.476,53,0.509,0.637,0.642,11.5,5.2,1.6,0.8,0.5,1.7,16.6,13.1,18.3,7.9,121.7,108"
",Reed Sheppard,Hou,*,G,21.5,22,24.9,19.6,11.5,21,0.714,97,0.515,126,0.444,0.601,0.609,12.9,3.1,3.2,1.5,0.5,1.3,16,16.1,19.2,8.1,127.4,106.9"
",Clint Capela,Hou,*,C,31.6,21,11.7,13.2,13.8,15,0.667,62,0.565,0,0,0.565,0.583,3.8,4.8,0.4,0.4,0.8,0.5,8.6,4.2,9,6.6,133.9,105.3"
",Josh Okogie,Hou,*,G,27.3,22,20.9,12.6,14.1,33,0.727,51,0.51,58,0.397,0.555,0.587,6.6,2.9,1,1.4,0.2,0.8,9.5,7.6,10.5,5.1,124.5,107.1"
",Luguentz Dort,Okc,*,G,26.7,16,28.7,12.7,7.8,14,0.929,35,0.543,83,0.325,0.504,0.532,8.3,3.9,1.1,0.9,0.4,0.6,12.1,9.4,13.3,4.6,113.5,99.6"
",Chet Holmgren,Okc,*,C-F,23.6,21,28.7,24.2,13.9,78,0.782,179,0.665,81,0.395,0.642,0.671,18.8,8,1.7,0.6,1.5,2,26.9,20.5,28.6,8.8,123.1,96.1"
",Isaiah Hartenstein,Okc,*,C-F,27.6,19,27.8,17.2,20.7,50,0.64,145,0.69,4,0,0.671,0.678,12.2,10.7,3.4,1.3,0.8,2.1,22.9,15.6,26.3,11,133.1,94"
",Cason Wallace,Okc,*,G,22.1,24,27.8,13.4,12.5,13,0.769,78,0.526,97,0.381,0.551,0.562,8.5,3.1,2.5,2.3,0.3,1,11.5,10.9,14,5.8,113.3,100.2"
",Shai Gilgeous-Alexander,Okc,*,G,27.4,24,33.1,33.2,8.5,238,0.882,342,0.599,119,0.454,0.62,0.691,32.6,4.6,6.5,1.5,0.7,1.8,37.2,39.1,43.7,12,139.9,103.3"
",Jaylin Williams,Okc,*,F,23.5,24,18.6,15.2,17.3,28,0.643,20,0.65,99,0.293,0.475,0.499,5.5,4.8,2.5,0.7,0.5,1,10.3,8,12.8,8.7,105.8,95.5"
",Aaron Wiggins,Okc,*,G,26.9,14,25.1,20.9,10.3,13,0.769,67,0.522,80,0.438,0.595,0.606,13.2,3.2,2.1,0.6,0.6,1.2,16.4,15.3,18.5,7.1,116.2,101.6"
",Alex Caruso,Okc,*,G,31.8,16,18.5,14.6,17.8,10,0.8,28,0.464,50,0.36,0.513,0.534,5.5,2.3,2.4,1.7,0.3,1.1,7.8,7.9,10.3,6.7,107.5,101.2"
",Brooks Barnhizer,Okc,*,G,23.8,17,7.7,9.4,11.4,6,0.667,19,0.579,4,0.25,0.543,0.566,1.7,1.9,0.4,0.2,0.1,0.2,3.6,2.1,4.1,5.7,122.8,99.2"
",Ajay Mitchell,Okc,*,G,23.5,25,26.3,22.9,12.8,83,0.88,191,0.518,81,0.346,0.518,0.575,14.2,3.2,3.6,1.4,0.3,1.6,17.4,17.8,21.1,8.3,115.6,101.2"
",Chris Youngblood,Okc,*,G,23.8,19,5.6,13.8,3.2,7,1,5,0.4,25,0.32,0.467,0.529,1.8,1,0.3,0.1,0,0.1,2.8,2.2,3.2,5.8,119.5,93.4"
",Jimmy Butler,Gol,*,F,36.2,22,31,22,10.7,168,0.845,206,0.539,45,0.444,0.562,0.652,19.3,5.9,5,1.5,0.2,1.4,25.1,24.3,30.1,10.7,140.1,112.5"
",Jonathan Kuminga,Gol,*,F,23.2,17,25.7,23.5,19.6,54,0.741,126,0.484,50,0.32,0.483,0.526,12.4,6.3,2.6,0.3,0.4,2.5,18.6,15,21.3,9.1,100.5,109.1"
",Draymond Green,Gol,*,F,35.8,20,28.1,16.6,28.3,21,0.619,59,0.458,93,0.333,0.484,0.496,8,6.2,5.5,0.8,0.9,3,14.2,13.5,19.6,9.2,96.4,101.6"
",Brandin Podziemski,Gol,*,G,22.8,26,27.5,18.7,13.4,60,0.767,126,0.484,125,0.392,0.536,0.568,12.1,4.6,3.1,1.2,0.2,1.5,16.7,15.2,19.8,8.1,112.8,107.9"
",Stephen Curry,Gol,*,G,37.7,17,31.1,34.5,13.3,93,0.903,131,0.603,207,0.391,0.593,0.64,28.5,3.8,4.1,1.2,0.5,3.1,32.3,32.6,36.4,9.8,117.1,109.8"
",Buddy Hield,Gol,*,G,33,26,18.9,19.2,13,18,0.944,65,0.585,122,0.311,0.508,0.531,8,2.6,1.7,0.9,0.1,1.1,10.6,9.6,12.2,6.9,105,109.2"
",Gary Payton II,Gol,*,G,33,25,12,15.4,16.6,3,1,61,0.574,29,0.276,0.522,0.531,3.9,2.9,1.6,0.6,0.2,0.7,6.8,5.4,8.4,8.8,111.5,101.3"
",Al Horford,Gol,*,C-F,39.5,13,21.5,14.8,16.8,6,1,22,0.364,57,0.298,0.424,0.447,5.6,4.4,2,1,1,1.2,10,7.6,12,6.8,94.7,107.8"
",Gui Santos,Gol,*,F,23.5,19,9.2,18.7,22.4,14,0.714,22,0.591,33,0.273,0.482,0.515,3.3,1.8,0.6,0.3,0.1,0.8,5.2,3.9,5.7,6.6,98.1,103.1"
",Will Richard,Gol,*,G,23,23,19.1,14.5,10.9,31,0.774,49,0.735,73,0.397,0.652,0.675,8,2.7,1.1,1,0,0.7,10.7,9,11.7,6,131.2,106"
",Quinten Post,Gol,*,C,25.7,26,18.1,17.6,11.1,16,0.813,57,0.614,111,0.351,0.557,0.571,7.7,4.1,1.4,0.6,0.6,0.8,11.8,9.1,13.2,7.8,113.7,104.8"
",Austin Reaves,Lal,*,G,27.5,21,36.9,28.5,16.5,192,0.875,194,0.613,160,0.369,0.586,0.665,27.8,5.6,6.7,1,0.2,3.3,33.3,34.5,40,11,128.1,113.9"
",Rui Hachimura,Lal,*,F,27.8,23,33,15.1,8.9,36,0.75,130,0.592,96,0.469,0.639,0.653,13.7,3.7,0.8,0.5,0.2,1,17.5,14.6,18.3,4.2,123.8,117"
",Deandre Ayton,Lal,*,C,27.4,22,29.3,18.7,16,36,0.667,220,0.7,0,0,0.7,0.704,15.1,8.8,0.9,0.7,1,1.9,23.9,16,24.8,6.7,127.7,108.9"
",Gabe Vincent,Lal,*,G,29.5,13,21.7,9.9,9.8,7,1,11,0.273,44,0.364,0.491,0.525,4.7,0.9,1.5,0.5,0.1,0.5,5.6,6.2,7.2,3.4,114.2,110.9"
",Luka Doncic,Lal,*,F-G,26.8,18,37.3,38.1,15.7,219,0.804,224,0.585,190,0.337,0.548,0.617,35,9,9,1.5,0.6,4.3,44,44,53,15.2,121.8,109.7"
",Marcus Smart,Lal,*,G,31.8,15,26.9,17.3,19,32,0.938,42,0.643,77,0.312,0.529,0.586,10.4,2.3,2.8,1.6,0.3,1.9,12.7,13.2,15.5,6,110.9,109.2"
",Jake LaRavia,Lal,*,F,24.1,24,24.5,15.4,13.7,45,0.689,93,0.559,70,0.329,0.531,0.558,8.5,3.7,1.8,1.2,0.3,1.1,12.2,10.3,13.9,6.3,113.4,110.8"
",Jaxson Hayes,Lal,*,C-F,25.6,21,16.8,10.3,12.6,29,0.621,61,0.721,1,1,0.734,0.729,5.2,4,1,0.3,0.8,0.4,9.1,6.1,10.1,6.5,148.9,109.1"
",Jarred Vanderbilt,Lal,*,F,26.7,15,17.3,13.6,30,19,0.842,36,0.5,15,0.267,0.471,0.539,4.3,5.2,1.5,0.9,0.3,1.5,9.5,5.7,10.9,7.5,103.8,104.7"
",Evan Mobley,Cle,*,C,24.5,25,34.2,22.6,13.7,139,0.64,245,0.559,108,0.352,0.55,0.576,19.1,9.3,4.1,1,1.6,2.2,28.4,23.2,32.5,10.5,117.9,109.8"
",Jaylon Tyson,Cle,*,G-F,23,21,27.8,15.9,8.9,30,0.767,99,0.596,95,0.463,0.644,0.659,13,5.4,2,1,0.7,0.9,18.4,15,20.3,7.5,133.7,106.1"
",Jarrett Allen,Cle,*,C,27.6,15,26.1,20.6,14.3,66,0.773,139,0.59,4,0,0.573,0.625,14.3,7.6,1.8,1,0.9,1.6,21.9,16.1,23.7,8.9,124,110.6"
",Sam Merrill,Cle,*,G,29.6,12,25.9,17.6,7.9,16,0.938,17,0.588,99,0.444,0.655,0.679,13.9,2.1,2.3,0.5,0.3,0.8,16,16.2,18.3,6.3,134.4,110.3"
",Donovan Mitchell,Cle,*,G,29.3,24,34.4,33.2,13.5,152,0.842,263,0.612,254,0.394,0.602,0.642,31.3,4.8,5.4,1.4,0.3,3.4,36,36.7,41.5,10.8,121.8,112"
",Dean Wade,Cle,*,F-C,29.1,24,22.2,10,5.9,25,0.72,29,0.586,83,0.289,0.473,0.504,5.2,3.8,1.6,0.8,0.5,0.3,9,6.8,10.6,5.7,120.7,109.3"
",Lonzo Ball,Cle,*,G,28.1,19,23.6,14.5,21.7,14,0.714,20,0.4,99,0.263,0.395,0.415,5.5,4.5,4.8,1.3,0.3,1.7,10,10.3,14.8,8.3,99.3,109.6"
",Craig Porter,Cle,*,G,25.8,23,16.9,12.7,15,15,0.533,63,0.571,33,0.424,0.594,0.595,5.3,3.3,2.4,1,0.6,0.7,8.6,7.7,11,8.2,129.5,110.4"
",Larry Nance Jr.,Cle,*,F-C,32.9,16,15,12.9,12.1,3,0.333,32,0.406,33,0.303,0.431,0.43,3.6,2.8,1.3,0.6,0.3,0.6,6.4,4.8,7.6,6.3,99.6,101.6"
",Tyrese Proctor,Cle,*,G,21.7,18,12.4,20.1,7,21,0.857,32,0.406,61,0.311,0.446,0.494,5.6,1.3,1.4,0.3,0,0.4,6.9,7,8.3,7,109.6,109.2"
",O.G. Anunoby,Nyk,*,F-G,28.4,15,30.6,20.2,13,33,0.788,86,0.57,94,0.394,0.581,0.604,15.7,5.3,1.9,1.9,0.7,1.8,21,17.5,22.9,7.1,117.1,107.3"
",Karl-Anthony Towns,Nyk,*,C-F,30.1,23,33,26.6,13.9,151,0.881,237,0.519,121,0.355,0.524,0.598,22.1,12,3.3,0.8,0.8,2.5,34.1,25.3,37.4,11.6,123.9,102.6"
",Ariel Hukporti,Nyk,*,C,23.7,16,7.9,8.5,40.4,8,0.625,13,0.538,0,0,0.538,0.575,1.2,2.4,0.5,0.1,0.5,0.6,3.6,1.7,4.1,5.7,111.9,98.1"
",Mikal Bridges,Nyk,*,G-F,29.3,24,34.4,16.9,7.2,36,0.806,161,0.621,134,0.41,0.619,0.634,16.4,4.6,4.3,2,1.1,1,21,20.7,25.3,8,136,109.6"
",Jalen Brunson,Nyk,*,G,29.3,22,34.9,31.2,10.1,145,0.848,291,0.54,165,0.376,0.548,0.599,28.3,3.1,6.3,0.7,0.1,2.3,31.4,34.6,37.7,9.4,125.4,113"
",Guerschon Yabusele,Nyk,*,F,30,23,10,13.9,9.7,10,0.6,21,0.619,44,0.295,0.5,0.512,3.1,2.2,0.4,0.1,0.2,0.3,5.3,3.5,5.7,5.6,113.3,105.7"
",Miles McBride,Nyk,*,G,25.3,20,27,16.1,7.6,24,0.792,57,0.421,124,0.444,0.588,0.606,11.6,2.5,2.5,0.7,0.3,0.8,14.1,14.1,16.6,6.2,128.4,113"
",Trey Jemison,Nyk,*,C,26,3,3.5,4,100,0,0,0,0,0,0,0,0,0,1,0,0,0,0.3,1,0,1,0,0,0"
",Landry Shamet,Nyk,*,G,28.8,15,20.9,15.4,7,34,0.794,27,0.519,66,0.424,0.602,0.644,9.3,2,1.2,0.4,0.2,0.5,11.3,10.5,12.5,5.4,134.6,113.7"
",Jordan Clarkson,Nyk,*,G,33.5,24,20.1,22,11.9,40,0.8,110,0.555,97,0.289,0.498,0.53,9.9,2,1.7,0.4,0.2,1.2,12,11.6,13.6,6.4,110.1,109.4"
",Tyler Kolek,Nyk,*,G,24.7,20,9.9,16.8,15.7,8,0.625,34,0.588,30,0.3,0.523,0.533,3.6,0.9,1.9,0.5,0.1,0.6,4.5,5.5,6.4,7.4,115.6,108.2"
",Terance Mann,Bro,*,G-F,29.2,22,26.4,14.3,13,36,0.833,91,0.516,63,0.349,0.519,0.559,8.6,3.5,3.7,0.7,0.1,1,12.1,12.3,15.8,7.3,123.5,114.4"
",Michael Porter Jr.,Bro,*,F,27.5,20,32.9,30.1,10.7,94,0.819,194,0.593,181,0.403,0.599,0.632,26.3,7.4,3.2,0.9,0.3,2.3,33.7,29.5,36.9,10.4,120,114.5"
",Nic Claxton,Bro,*,C,26.7,24,30.4,18.1,13.5,112,0.705,213,0.573,11,0.091,0.551,0.596,13.6,7.8,4.5,0.7,1.4,1.5,21.4,18,25.8,10.3,129.6,114.7"
",Cam Thomas,Bro,*,G,24.2,8,28.3,32.6,10.8,55,0.873,87,0.425,45,0.356,0.462,0.544,21.3,1.4,2.6,0.5,0.1,2,22.6,23.9,25.3,6,108.5,119.9"
",Ben Saraf,Bro,*,G,19.7,12,16.9,19.4,26.9,15,0.8,29,0.448,33,0.273,0.427,0.474,5.4,1.6,2.8,0.7,0.3,1.9,7,8.3,9.8,6.8,91.4,116.8"
",Ziaire Williams,Bro,*,F,24.3,21,23,17.8,12,41,0.829,44,0.636,117,0.299,0.5,0.545,9.3,2.7,0.7,0.8,0.4,1,12,10,12.7,4.5,105.4,114.3"
",Egor Demin,Bro,*,G,19.8,22,22.7,18.4,18.2,14,0.857,55,0.418,115,0.348,0.488,0.505,8.1,3.2,3.5,0.9,0.3,1.7,11.3,11.6,14.8,7.9,101.7,114.1"
",Day'Ron Sharpe,Bro,*,C,24.1,23,16.1,19.4,29.4,63,0.619,80,0.663,18,0.278,0.617,0.636,7,5.4,1.8,0.8,0.6,1.8,12.3,8.8,14.2,10.1,115.1,105.4"
",Noah Clowney,Bro,*,F-C,21.4,24,28.3,19.8,15.7,88,0.818,78,0.538,153,0.353,0.532,0.59,13.3,3.8,1.8,0.7,0.8,1.8,17,15.1,18.9,6.4,111,114.1"
",Tyrese Martin,Bro,*,F,26.8,23,21,19,12.2,22,0.727,75,0.507,104,0.308,0.48,0.498,8.2,3.3,2.4,0.7,0.1,1.1,11.5,10.6,14,7.7,106.3,118.8"
",Jalen Wilson,Bro,*,F,25.1,18,14.4,16.2,11.2,21,0.762,25,0.4,54,0.333,0.468,0.51,5,1,0.6,0.2,0,0.6,6,5.6,6.6,4,100.2,116.8"
",Drake Powell,Bro,*,G-F,20.3,17,18.2,14.1,20.1,18,0.944,42,0.571,33,0.364,0.56,0.609,5.9,1.6,2,0.8,0.2,1.1,7.6,7.9,9.6,5.9,112.8,113.8"
",Nolan Traore,Bro,*,G,19.5,5,8.8,13.6,15.1,2,0.5,4,0,7,0.286,0.273,0.295,1.4,0.4,1,0.4,0,0.4,1.8,2.4,2.8,3.7,77.6,108.3"
",Kon Knueppel,Cha,*,G-F,20.4,25,33.6,21.8,14.4,59,0.915,137,0.562,213,0.404,0.589,0.62,18.6,5.4,3.5,0.7,0.2,2.4,24.1,22.1,27.6,8.4,117.5,115"
",Miles Bridges,Cha,*,F,27.7,25,34.7,25.2,8.1,118,0.847,237,0.532,192,0.318,0.507,0.556,21.4,6.2,3.7,0.6,0.5,1.5,27.6,25.1,31.3,9.1,117.6,116.2"
",Ryan Kalkbrenner,Cha,*,C,23.9,23,25.8,11,19.7,41,0.756,109,0.807,1,0,0.8,0.808,9,6.7,0.5,0.7,1.8,1.2,15.7,9.5,16.2,4.8,144.2,113.3"
",Brandon Miller,Cha,*,F,23.1,9,27,30.4,12.9,30,0.833,71,0.451,71,0.282,0.437,0.48,16.6,2.8,3.2,0.7,1.2,2.3,19.3,19.8,22.6,7.8,98,113.7"
",LaMelo Ball,Cha,*,G,24.3,16,28.9,32.6,16,65,0.877,140,0.486,137,0.285,0.457,0.507,19.4,6,8.5,1.2,0.2,3.3,25.4,27.9,33.9,13.8,109.6,108.8"
",Collin Sexton,Cha,*,G,26.9,21,25.2,25.2,18.7,91,0.879,154,0.545,71,0.366,0.547,0.615,15.5,2.2,4.2,0.7,0.2,2.5,17.8,19.8,22,8.3,116.9,115.5"
",Sion James,Cha,*,G,23,25,26.1,10.9,15.8,40,0.85,48,0.5,80,0.375,0.539,0.591,6.9,3.1,1.5,0.7,0.4,1,10,8.4,11.5,4.9,115,115.9"
",Moussa Diabate,Cha,*,F,23.9,24,22,13.5,13,71,0.704,120,0.633,0,0,0.633,0.668,8.4,7.6,1.2,0.6,1,0.8,16,9.6,17.2,7.7,145.4,108.3"
",Tidjane Salaun,Cha,*,F,20.3,12,14.9,14.7,12.4,15,0.733,19,0.526,30,0.5,0.663,0.683,6.3,3.7,0.8,0.6,0.2,0.6,10,7.2,10.8,7.1,130.4,109.1"
",Tre Mann,Cha,*,G,24.9,18,20.6,24.3,16.3,13,0.923,85,0.424,89,0.303,0.44,0.459,9.2,2.8,2.7,0.6,0.1,1.9,11.9,11.8,14.6,8,93.1,111.5"
",Andrew Wiggins,Mia,*,F,30.8,22,32.9,20.6,11.8,57,0.702,197,0.543,103,0.379,0.552,0.571,16.9,4.9,2.9,1,1.1,1.8,21.8,19.8,24.7,7.6,111.1,109.8"
",Nikola Jovic,Mia,*,F,22.5,18,19.3,20,22.8,39,0.718,58,0.5,60,0.283,0.462,0.507,7.6,3.7,2.8,0.6,0.4,1.9,11.3,10.4,14.2,8.9,96.2,104"
",Bam Adebayo,Mia,*,C-F,28.4,19,30.8,24.1,10.7,88,0.795,180,0.55,94,0.34,0.536,0.582,19.2,8.9,2.5,1,0.9,1.7,28.1,21.7,30.6,9.8,114.2,108.7"
",Norman Powell,Mia,*,G,32.6,20,30.7,27.7,10.2,122,0.861,186,0.548,140,0.436,0.594,0.648,24.6,3.8,2.4,1.2,0.3,1.9,28.4,27,30.7,7.9,120.9,108.5"
",Davion Mitchell,Mia,*,G,27.3,24,30.4,13.1,15.6,37,0.622,123,0.569,61,0.393,0.576,0.587,9.8,2.7,7.8,1.3,0,1.4,12.5,17.6,20.3,7.8,126.9,108.3"
",Jaime Jaquez Jr.,Mia,*,G,24.8,24,29.2,22.2,14.6,86,0.767,257,0.553,36,0.222,0.526,0.565,15.6,5.8,5,0.7,0.3,2.1,21.4,20.6,26.4,10.5,114.6,108.4"
",Kel'el Ware,Mia,*,C,21.6,25,24.1,17,11.7,48,0.833,146,0.582,57,0.421,0.596,0.629,11.3,10.1,0.6,1,1.3,1.1,21.4,11.8,22,6.8,128,103.1"
",Simone Fontecchio,Mia,*,F,30,24,18.6,20.8,10.9,39,0.821,53,0.509,135,0.37,0.543,0.575,9.8,2.9,1.6,0.5,0.2,1,12.8,11.4,14.3,7.7,110.8,107.7"
",Dru Smith,Mia,*,G,28,25,16.8,15.7,16.3,33,0.788,70,0.5,53,0.358,0.516,0.556,6.1,2.6,2.8,1.4,0.3,1,8.7,8.9,11.5,8.4,117.2,105.2"
",Pelle Larsson,Mia,*,G,24.8,24,21.9,16.2,13.5,54,0.778,86,0.535,74,0.338,0.522,0.569,8.7,2.5,3.2,0.5,0.2,1,11.2,11.9,14.4,7.5,116.3,109.4"
",Franz Wagner,Orl,*,F,24.3,24,33.4,25.9,10.1,164,0.823,282,0.535,100,0.36,0.537,0.6,22.7,6.1,3.7,1.2,0.4,1.8,28.8,26.4,32.5,9.6,123.2,108.2"
",Paolo Banchero,Orl,*,F,23.1,15,31.3,26.8,15,126,0.778,153,0.503,57,0.298,0.488,0.571,20.2,7.9,3.8,0.6,0.8,2.5,28.1,24,31.9,10.8,113.5,106.2"
",Wendell Carter Jr.,Orl,*,C-F,26.7,24,29.7,14.9,17.2,79,0.785,114,0.588,68,0.412,0.599,0.646,11.7,7.7,2,0.6,0.7,1.6,19.3,13.7,21.3,7.6,127.8,102"
",Desmond Bane,Orl,*,G,27.5,25,33.2,23.8,11.8,94,0.936,253,0.498,129,0.349,0.507,0.561,19,4.4,4.5,0.8,0.3,2,23.4,23.5,28,8.7,116,107.5"
",Jalen Suggs,Orl,*,G,24.5,20,25.4,25,19.7,59,0.881,104,0.606,120,0.333,0.549,0.596,14.9,3.8,4.7,2,0.6,2.8,18.7,19.6,23.4,10.1,112,100.4"
",Tyus Jones,Orl,*,G,29.6,25,14.1,9.2,11.6,2,1,27,0.444,41,0.268,0.419,0.428,2.4,0.8,2.1,0.6,0.1,0.4,3.2,4.4,5.3,4.5,108.7,112.9"
",Jonathan Isaac,Orl,*,F,28.2,22,10.3,12.5,13.7,22,0.5,26,0.692,24,0.208,0.51,0.519,2.8,3.1,0.1,0.3,0.5,0.4,6,2.9,6,3.7,107.3,105.7"
",Anthony Black,Orl,*,G,21.9,25,28.2,21.2,16.7,91,0.692,176,0.517,89,0.303,0.496,0.534,13,3.9,3.2,1.3,0.6,2.1,16.9,16.3,20.2,7.7,104.4,106.1"
",Goga Bitadze,Orl,*,C-F,26.4,24,16.9,11.8,16.3,38,0.789,75,0.773,7,0.286,0.744,0.77,6.3,5.2,1.4,0.6,1.3,0.7,11.5,7.8,13,8.5,151,99.9"
",Tristan da Silva,Orl,*,F,24.6,25,23.6,17.4,10.7,27,0.815,98,0.531,111,0.378,0.55,0.57,10.1,4,1.2,0.8,0.2,1,14.1,11.3,15.3,6.2,112.1,109.9"
",Brandon Ingram,Tor,*,F,28.3,26,34.1,27.7,15.4,128,0.805,325,0.523,118,0.331,0.516,0.561,21.5,5.8,3.8,0.9,0.5,3.1,27.4,25.3,31.2,9.1,105.1,112.2"
",Scottie Barnes,Tor,*,F-G,24.4,26,33.9,24,13.8,98,0.847,299,0.538,94,0.383,0.547,0.588,19.7,7.8,5.3,1.4,1.6,2.4,27.6,25,32.8,11,118.3,106.9"
",Jakob Poeltl,Tor,*,C,30.2,19,26.1,14.4,18.9,47,0.596,120,0.692,0,0,0.692,0.69,10.2,8,2.3,0.8,0.5,1.5,18.2,12.5,20.5,8.8,132.4,102.5"
",RJ Barrett,Tor,*,F-G,25.5,17,30.9,24,9.9,80,0.725,150,0.593,87,0.356,0.572,0.604,19.4,4.8,3.8,0.8,0.2,1.5,24.2,23.1,27.9,9.2,119.7,109.8"
",Immanuel Quickley,Tor,*,G,26.5,25,32.2,20.7,12,64,0.75,156,0.564,165,0.382,0.569,0.591,16.5,4.2,6.2,1.2,0,1.8,20.8,22.7,27,9.4,119.7,111.8"
",Ochai Agbaji,Tor,*,G,25.6,18,14.6,12.2,7.1,13,0.769,44,0.523,21,0.095,0.4,0.438,3.4,2.1,0.7,0.4,0.3,0.3,5.5,4.2,6.2,4.7,100,105.6"
",Sandro Mamukelashvili,Tor,*,F-C,26.6,25,19.5,18.9,10.7,49,0.776,107,0.607,68,0.368,0.586,0.618,9.7,4.3,1.7,0.5,0.6,0.8,14,11.4,15.8,8.5,125.1,109.6"
",Gradey Dick,Tor,*,G-F,22.1,26,15.8,16.9,8.8,38,0.842,61,0.508,73,0.315,0.489,0.541,6.3,1.9,0.7,0.6,0.1,0.5,8.2,6.9,8.8,5.1,108.8,111.6"
",Jamal Shead,Tor,*,G,23.4,26,19.8,15.7,17.4,43,0.791,65,0.4,77,0.338,0.458,0.51,6.3,1.8,5.2,1.2,0.1,1.2,8.2,11.5,13.3,7.9,116.8,108.2"
",Jonathan Mogbo,Tor,*,F,24.1,11,4.6,11.4,7.4,1,1,12,0.5,0,0,0.5,0.523,1.2,1.4,0.5,0.1,0.3,0.1,2.5,1.7,3.1,8.2,133.9,106.9"
",Jamison Battle,Tor,*,F,24.6,17,8.1,13.9,13.8,5,0.8,15,0.8,22,0.591,0.851,0.855,3.9,1.4,0.2,0.1,0.1,0.4,5.3,4.2,5.5,5.1,137.8,110.7"
",Zaccharie Risacher,Atl,*,F,20.7,23,24.8,18.9,7.9,31,0.677,122,0.598,100,0.29,0.525,0.539,11,2.8,1.6,1.1,0.6,0.8,13.8,12.6,15.4,5.9,107.4,112.6"
",Jalen Johnson,Atl,*,F,24,23,35.1,26.4,17.5,137,0.81,272,0.574,95,0.389,0.576,0.625,23.2,10.5,8,1.6,0.3,3.4,33.7,31.3,41.7,14.2,121.4,109.2"
",Kristaps Porzingis,Atl,*,F-C,30.4,13,25.9,26.2,6.7,69,0.855,101,0.584,66,0.364,0.569,0.631,19.2,5.6,3.1,0.5,1.6,0.9,24.8,22.2,27.8,10.7,130.8,106.1"
",Dyson Daniels,Atl,*,G,22.7,26,33.9,16.4,18.9,46,0.652,220,0.541,42,0.143,0.489,0.507,11,6.3,5.8,2.1,0.3,2.3,17.3,16.8,23.1,8.7,109.4,111.5"
",Trae Young,Atl,*,G,27.2,5,27.8,29.5,12.4,39,0.821,44,0.477,26,0.192,0.407,0.511,17.8,2,7.8,0.8,0.2,2,19.8,25.6,27.6,9.4,112.6,115.8"
",Nickeil Alexander-Walker,Atl,*,G,27.3,24,32.6,24.8,12.5,103,0.864,183,0.541,179,0.391,0.564,0.61,20.7,3.5,3.3,1,0.7,2.2,24.2,24,27.4,7.6,115,115.1"
",Keaton Wallace,Atl,*,G,26.8,24,14.4,14.2,15.1,10,0.5,35,0.371,60,0.417,0.532,0.533,4.4,1.5,2.7,0.7,0.2,0.7,5.9,7.1,8.6,7.3,111.3,110.8"
",Luke Kennard,Atl,*,G,29.5,23,20.5,13.9,15.7,21,0.952,48,0.542,75,0.427,0.602,0.635,7.3,1.9,2.3,0.8,0,1,9.2,9.7,11.5,6.2,120.5,115.9"
",Onyeka Okongwu,Atl,*,F-C,25,25,30.6,21,14.5,70,0.757,173,0.618,127,0.346,0.577,0.603,16,7.2,3,0.9,1.2,2,23.2,19,26.2,9.2,115,106.9"
",Mouhamed Gueye,Atl,*,F,23.1,26,17.2,14.6,11.7,21,0.571,74,0.649,54,0.278,0.551,0.557,5.9,3.7,1,0.6,0.7,0.7,9.6,6.8,10.5,6.5,113.7,108.6"
",Kelly Oubre Jr.,Phi,*,F-G,30,12,34.8,18.4,10.8,38,0.789,82,0.622,67,0.343,0.574,0.606,16.8,5.1,1.3,1.1,0.8,1.5,21.8,18.1,23.2,5.5,116.9,110.8"
",Dominick Barlow,Phi,*,F,22.6,15,26.8,12.6,15.4,26,0.846,68,0.588,25,0.24,0.527,0.574,8,5.7,1.9,0.7,1.1,1.1,13.7,9.9,15.7,6.6,120.7,109"
",Joel Embiid,Phi,*,C-F,31.7,10,25.7,34.7,13.2,71,0.817,107,0.523,51,0.216,0.459,0.536,20.3,5.9,3,0.8,1.2,2.4,26.2,23.3,29.2,11.1,108.5,108.6"
",VJ Edgecombe,Phi,*,G,20.4,21,34.8,18.9,11.7,53,0.755,165,0.442,106,0.387,0.496,0.525,14.7,5.6,4,1.3,0.4,1.7,20.3,18.8,24.3,7.9,112.2,108.9"
",Tyrese Maxey,Phi,*,G,25.1,23,39.9,30.3,10.5,168,0.881,312,0.519,215,0.391,0.546,0.602,31.5,4.7,7.2,1.7,0.9,2.7,36.2,38.7,43.4,10.2,123,112.2"
",Quentin Grimes,Phi,*,G,25.6,23,33.2,20.3,18.3,93,0.86,121,0.545,147,0.367,0.549,0.605,16.3,4.3,4.3,0.9,0.4,2.6,20.5,20.6,24.9,8.1,115.2,112.8"
",Adem Bona,Phi,*,F,22.7,17,16.1,9.6,23,24,0.583,37,0.568,3,0.333,0.563,0.583,3.5,3.7,0.2,0.4,1.5,0.7,7.2,3.6,7.4,3.4,115.1,105.6"
",Jabari Walker,Phi,*,F,23.4,23,13.7,14.1,13.6,25,0.76,47,0.553,35,0.343,0.537,0.575,4.7,3.5,0.6,0.1,0.3,0.6,8.1,5.2,8.7,6.3,119.7,104.2"
",Justin Edwards,Phi,*,F,22,21,17.3,15.7,13.7,11,0.909,40,0.475,73,0.342,0.5,0.522,5.9,1.9,1.5,0.6,0.2,0.9,7.7,7.3,9.2,5.9,106.1,108.4"
",Andre Drummond,Phi,*,C,32.3,23,21.5,13.7,13.7,35,0.629,97,0.588,29,0.379,0.583,0.598,7.3,9.3,0.8,0.7,1,0.9,16.7,8.1,17.5,7,129.5,102.8"
",Jaylen Brown,Bos,*,G-F,29.1,24,33.5,36.1,14.3,172,0.791,374,0.548,139,0.367,0.549,0.594,29.1,6.1,4.8,1.1,0.3,3.6,35.2,34,40,11.3,116.5,109.9"
",Sam Hauser,Bos,*,F,28,25,22.3,14.3,7.1,4,0.75,22,0.364,149,0.342,0.494,0.498,6.9,3.5,1.4,0.6,0.3,0.5,10.4,8.3,11.8,5.8,111.7,115.4"
",Neemias Queta,Bos,*,C,26.4,23,24.3,15.1,10.9,49,0.612,152,0.664,3,0,0.652,0.657,10.1,8.3,1.6,0.7,1.3,0.8,18.3,11.7,20,8.4,141.7,103.7"
",Payton Pritchard,Bos,*,G,27.9,25,32.3,21.4,7.9,50,0.86,148,0.588,202,0.337,0.54,0.566,16.8,4.3,5,0.7,0.1,1.2,21.1,21.9,26.2,8.8,126.2,117.4"
",Derrick White,Bos,*,G,31.4,24,33,23.9,10.7,64,0.844,149,0.47,219,0.333,0.488,0.521,17.2,4,5.2,1.4,1.3,1.8,21.2,22.4,26.4,8.6,114.6,115.5"
",Xavier Tillman,Bos,*,F,26.9,11,9.4,13.3,12.5,0,0,15,0.733,13,0.231,0.554,0.554,2.8,2.2,0.5,0.5,0.2,0.4,5,3.3,5.5,6.2,119.7,109.6"
",Josh Minott,Bos,*,F,23,24,19.2,13.9,11.5,24,0.75,55,0.582,68,0.456,0.638,0.655,7.3,4.5,1.3,0.8,0.5,0.7,11.8,8.6,13.1,7.3,136.7,109.7"
",Anfernee Simons,Bos,*,G,26.5,25,23.7,22.7,8.8,41,0.878,115,0.487,153,0.392,0.545,0.573,13.1,2.2,2.5,0.5,0.2,1,15.3,15.6,17.8,7,119.7,114.8"
",Chris Boucher,Bos,*,F,32.9,8,11.3,11.8,4.3,4,0.75,10,0.6,12,0.083,0.341,0.379,2.3,2.3,0.4,0.6,0.9,0.1,4.5,2.6,4.9,4.5,92.7,97"
",Luka Garza,Bos,*,C,27,19,13.1,15.8,10.2,31,0.774,45,0.644,25,0.44,0.65,0.687,6.1,3.5,0.8,0.3,0.4,0.4,9.5,6.8,10.3,7.9,149.9,99"
",Ausar Thompson,Det,*,G-F,22.9,21,27.6,18.2,13.5,66,0.561,182,0.538,16,0.313,0.533,0.546,11.8,6,3,1.5,0.7,1.5,17.8,14.8,20.8,8.6,115.4,104.9"
",Tobias Harris,Det,*,F,33.4,15,29.1,19.2,9.1,42,0.833,102,0.5,68,0.382,0.529,0.57,14.3,4.9,2.3,0.6,0.3,1.1,19.3,16.7,21.6,7.5,119.4,108.7"
",Jalen Duren,Det,*,C,22.1,22,29,22.4,19.3,146,0.747,230,0.652,0,0,0.652,0.695,18.6,11.3,1.8,0.7,1,2.5,29.9,20.4,31.7,10,130.9,101.4"
",Duncan Robinson,Det,*,F,31.6,23,31.3,14.1,7.3,36,0.778,43,0.581,173,0.405,0.602,0.621,12.5,3,2,1,0.3,0.7,15.6,14.5,17.6,5.4,127.8,110.5"
",Cade Cunningham,Det,*,G,24.2,22,35.8,31.6,15.5,169,0.828,315,0.517,137,0.307,0.5,0.562,26.9,6.1,9.1,1.5,0.9,3.8,33,36,42.2,12.8,117.9,107.1"
",Isaiah Stewart,Det,*,F-C,24.6,22,22.4,16.7,13.7,46,0.739,103,0.621,54,0.407,0.618,0.643,10.4,5.9,1.3,0.2,1.9,1.1,16.3,11.6,17.5,7.7,126.1,100.9"
",Caris LeVert,Det,*,G,31.3,19,20.5,18.7,17.1,46,0.63,67,0.507,64,0.422,0.569,0.588,9.4,1.6,3.1,0.7,0.5,1.4,11,12.5,14.1,7,115.5,112.5"
",Ronald Holland II,Det,*,F,20.4,25,21.2,18.2,16.6,47,0.809,112,0.5,68,0.265,0.461,0.508,8.2,3.4,1.6,1.6,0.2,1.4,11.5,9.8,13.2,6.7,102.2,103.4"
",Paul Reed,Det,*,F,26.5,19,11.6,20.5,19.6,20,0.6,69,0.681,13,0.462,0.683,0.683,6.5,4.5,1.2,0.8,0.7,1.1,11.1,7.7,12.2,11.3,128.1,97.5"
",Javonte Green,Det,*,G,32.4,25,18.6,14.8,12.6,42,0.786,64,0.531,67,0.328,0.511,0.559,6.7,2.6,0.8,1.1,0.4,0.8,9.3,7.5,10.1,5.2,113.2,107.9"
",Isaac Okoro,Chi,*,F-G,24.9,16,24.9,13.9,12.1,21,0.762,60,0.567,49,0.367,0.56,0.584,8.6,2.7,1.6,0.4,0.6,0.9,11.3,10.2,12.9,5.4,116.2,112.7"
",Matas Buzelis,Chi,*,F,21.2,24,28.4,20.5,15.7,66,0.818,150,0.573,108,0.324,0.537,0.577,13.8,5.5,1.6,0.8,1.4,2,19.3,15.4,20.8,7,106.4,111.6"
",Nikola Vucevic,Chi,*,C,35.1,23,30,21.4,11.8,39,0.769,188,0.548,110,0.382,0.557,0.574,15.7,9.2,3.4,0.7,0.3,1.7,25,19.1,28.3,10.5,116.3,112.3"
",Tre Jones,Chi,*,G,25.9,18,28.4,17.4,16.3,81,0.852,122,0.566,27,0.296,0.544,0.626,12.8,3.2,4.9,1.6,0.2,1.6,16,17.7,20.9,8.2,126.5,116.6"
",Josh Giddey,Chi,*,G,23.2,22,34.2,25.8,19.8,131,0.748,227,0.515,100,0.4,0.541,0.588,20.5,9.4,9,1,0.5,3.7,30,29.5,38.9,14.1,116.4,114.1"
",Kevin Huerter,Chi,*,G-F,27.3,19,24.1,20,11.6,33,0.848,92,0.641,90,0.3,0.547,0.578,11.9,3.3,2.4,0.8,0.7,1.3,15.2,14.4,17.6,7.6,112.2,113.7"
",Ayo Dosunmu,Chi,*,G,25.9,20,27.8,19.6,11.7,56,0.857,130,0.546,80,0.475,0.61,0.648,15.2,2.7,3.2,0.6,0.3,1.4,17.9,18.4,21.1,7.3,123.8,118.1"
",Patrick Williams,Chi,*,F,24.3,23,21.2,16.4,13.4,29,0.655,71,0.352,84,0.417,0.5,0.519,7.6,3.3,1.3,1,0.3,1,10.9,8.8,12.2,6,102.1,113.9"
",Jalen Smith,Chi,*,F-C,25.7,19,17,22.5,10.9,23,0.739,67,0.582,80,0.375,0.571,0.589,9.7,6.1,1.2,0.3,0.7,0.9,15.8,10.9,17,9.7,119.2,108.6"
",Dalen Terry,Chi,*,F,23.4,14,11.3,13.4,20.8,7,0.429,24,0.625,14,0.214,0.513,0.511,3,1.8,1.4,0.8,0.3,0.7,4.8,4.4,6.2,6.9,104.5,109.9"
",Trey Murphy III,Nor,*,F,25.5,24,35.5,22.5,12,96,0.906,186,0.608,180,0.361,0.575,0.622,21.2,6.4,3.6,1.8,0.2,2.1,27.5,24.8,31.1,8.9,122.4,118.4"
",Zion Williamson,Nor,*,F,25.4,10,30.9,29.8,17.6,101,0.723,142,0.521,3,0,0.51,0.583,22.1,5.6,4,1.6,0.5,3.1,27.7,26.1,31.7,10.2,114.4,117.8"
",Yves Missi,Nor,*,C,21.6,19,19.2,13.2,18.2,26,0.538,85,0.553,0,0,0.553,0.56,5.7,5.6,1.2,0.2,1.1,1,11.3,6.9,12.5,7,123.1,116.6"
",Herbert Jones,Nor,*,F,27.2,18,29.1,15.7,14,28,0.786,86,0.442,73,0.342,0.475,0.505,9.6,3.9,2.3,1.5,0.3,1.4,13.6,11.9,15.8,6.1,103.5,112.8"
",Jordan Poole,Nor,*,G,26.5,8,29.8,26.2,11.9,35,0.971,48,0.417,70,0.329,0.462,0.536,17.9,1.6,3.4,0.4,0.4,2,19.5,21.3,22.9,6.2,108.9,121"
",Saddiq Bey,Nor,*,G-F,26.7,25,29.3,19,5.3,75,0.76,154,0.539,130,0.346,0.53,0.565,14.3,6,2.3,0.9,0.1,0.6,20.3,16.6,22.6,7.9,124.5,122.3"
",Hunter Dickinson,Nor,*,C,25,1,4.7,35.6,50,0,0,2,0.5,0,0,0.5,0.5,2,0,0,0,1,2,2,2,2,0,42.7,84.6"
",Jordan Hawkins,Nor,*,G,23.6,22,14.4,17.9,7.7,12,0.667,51,0.353,69,0.333,0.438,0.451,5.1,1.6,0.9,0.1,0.1,0.5,6.8,6,7.6,5.4,97.1,124.5"
",Jeremiah Fears,Nor,*,G,19.2,26,27.6,25.5,14.7,85,0.8,257,0.471,85,0.365,0.49,0.531,15.5,3.5,3.1,1.4,0.2,2.3,19,18.6,22.1,8,103.5,118.2"
",Derik Queen,Nor,*,C,21,26,25.3,22.6,18.4,104,0.798,234,0.534,18,0.111,0.508,0.569,13,6.3,4,1,0.8,2.2,19.4,17,23.4,10.9,114.1,109.7"
",Kentavious Caldwell-Pope,Mem,*,G,32.8,25,21.9,16.3,16,38,0.921,81,0.42,86,0.337,0.464,0.517,7.6,2.3,3.2,0.8,0.2,1.3,9.9,10.8,13.1,7,106.4,114"
",Jaren Jackson Jr.,Mem,*,F-C,26.2,23,29.2,24.2,13,86,0.767,203,0.537,105,0.324,0.519,0.558,16.8,5,1.9,0.8,1,2,21.8,18.7,23.7,7.4,105.3,102.8"
",Jock Landale,Mem,*,C,30.1,25,21.6,19,11.9,49,0.673,137,0.569,62,0.435,0.595,0.612,10.8,5.5,1.5,0.5,0.4,1.1,16.3,12.3,17.8,8.3,122.5,104.5"
",Jaylen Wells,Mem,*,F,22.3,25,26.7,17.9,7.4,68,0.779,115,0.522,124,0.371,0.54,0.578,12.4,3.5,1.7,0.7,0,0.8,16,14.1,17.6,6.3,118.8,110.5"
",Ja Morant,Mem,*,G,26.3,13,28.5,33.3,18.5,76,0.921,150,0.433,65,0.185,0.386,0.475,18.2,3.5,7.8,0.9,0.2,3.8,21.7,25.9,29.5,11.1,98.9,110"
",Olivier-Maxence Prosper,Mem,*,F,23.4,13,9.4,17.9,11.8,24,0.917,28,0.5,9,0.111,0.419,0.557,4.1,2.4,0.5,0.2,0.1,0.4,6.5,4.5,6.9,7.2,120.3,110.3"
",Santi Aldama,Mem,*,F-C,24.9,25,26.4,20.4,8.7,64,0.672,160,0.563,111,0.342,0.542,0.563,13.5,6.5,3,1,0.7,1,20,16.4,22.9,9.7,117.3,109.8"
",Javon Small,Mem,*,G,23,8,12.4,16.9,22,10,0.8,9,0.444,19,0.316,0.464,0.525,4.3,1,2.8,0,0.1,1,5.3,7,8,7.4,108,113.4"
",Cedric Coward,Mem,*,G,22.3,25,27.2,20.2,12.3,69,0.841,150,0.56,114,0.325,0.528,0.572,13.5,6.4,2.8,0.6,0.3,1.5,19.9,16.3,22.7,9.2,115.3,108.9"
",Cam Spencer,Mem,*,G,25.7,25,21.4,18.3,14.3,45,0.911,65,0.523,120,0.492,0.662,0.698,11.4,2.1,3.9,0.8,0.1,1.2,13.6,15.3,17.4,8.5,131.9,110.3"
",John Konchar,Mem,*,G,29.7,22,13,9,12,9,0.667,23,0.739,28,0.321,0.598,0.61,3,2.7,1.2,0.9,0.3,0.3,5.7,4.3,7,6.6,128.9,107.4"
",Khris Middleton,Was,*,F,34.3,16,25.8,17.9,17.5,26,0.731,96,0.552,40,0.35,0.544,0.566,10.4,4.2,3.5,0.7,0.4,1.8,14.6,13.9,18.1,8.3,111.2,117.8"
",Kyshawn George,Was,*,F,22,21,31.2,21.2,22.3,53,0.755,123,0.496,117,0.444,0.579,0.604,15.1,5.7,4.7,1.1,0.9,3.3,20.9,19.8,25.5,9.5,107.2,113.9"
",Alexandre Sarr,Was,*,C,20.6,16,29.7,26.5,12.4,59,0.627,189,0.561,52,0.346,0.552,0.568,18.9,8.6,3.3,0.8,2,2.1,27.5,22.2,30.8,10.9,112.8,119.6"
",CJ McCollum,Was,*,G,34.2,23,30.3,25.2,9.6,73,0.781,177,0.486,173,0.399,0.541,0.571,19,3.1,3.5,0.7,0.3,1.6,22,22.4,25.5,7.8,113.7,123.5"
",Bub Carrington,Was,*,G,20.4,23,26.4,15.9,23.1,25,0.72,79,0.304,90,0.422,0.479,0.5,7.8,3.5,4.4,0.5,0.1,2.2,11.3,12.2,15.7,7.5,97.6,121.1"
",Marvin Bagley III,Was,*,F,26.8,19,18.7,17.5,14.3,35,0.714,104,0.615,10,0.5,0.627,0.649,8.8,5.3,1.4,0.5,0.7,1,14.1,10.3,15.5,8.6,130.4,116.5"
",Tre Johnson,Was,*,G,19.8,16,23.8,20.4,14.1,20,0.8,73,0.493,79,0.38,0.533,0.553,11.1,2.9,1.3,0.4,0.4,1.6,14,12.4,15.3,5.8,101.2,122.9"
",Cam Whitmore,Was,*,F,21.4,21,16.9,23.7,9.6,31,0.742,113,0.54,56,0.286,0.503,0.528,9.2,2.8,0.7,0.7,0.4,0.9,12,9.9,12.7,6.2,104.5,122.3"
",Corey Kispert,Was,*,F,26.8,17,19.9,15.7,9.6,29,0.724,36,0.694,67,0.403,0.636,0.657,8.9,2.5,1.7,0.5,0.2,0.6,11.4,10.6,13.1,6.7,128.3,125.3"
",Justin Champagnie,Was,*,G-F,24.5,21,13.3,14,8.6,29,0.862,46,0.543,28,0.25,0.48,0.553,4.6,4,0.9,0.7,0.4,0.3,8.5,5.5,9.4,7.7,129.9,116.7"
",Will Riley,Was,*,F,19.8,17,10.8,16.9,17.8,17,0.765,37,0.568,18,0.278,0.518,0.56,4.1,1.8,1,0.3,0.1,0.7,5.9,5.1,6.9,7.2,111,123.9"
",AJ Johnson,Was,*,G,21,10,4.5,15.6,13,4,0.75,10,0.2,3,0,0.154,0.237,0.7,0.6,0.4,0,0,0.2,1.3,1.1,1.7,4.9,67.4,125.6"
",Tristan Vukcevic,Was,*,F,22.8,20,11.8,24.8,19.1,46,0.804,59,0.627,38,0.237,0.521,0.589,6.9,2.4,1.1,0.4,0.5,1.2,9.3,8,10.4,8.9,109.4,115.6"
",Anthony Gill,Was,*,F,33.2,9,3.6,16.6,35,4,1,6,0.833,1,1,0.929,0.97,1.9,0.8,0,0,0.1,0.4,2.7,1.9,2.7,0,0,0"
",Sharife Cooper,Was,*,G,24.5,4,2.5,8.4,50,0,0,0,0,1,0,0,0,0,0,0,0,0,0.3,0,0,0,0,0,0"
",Gary Trent Jr.,Mil,*,G,26.9,26,27.7,15.3,8.4,29,0.793,64,0.469,154,0.37,0.53,0.55,9.8,1.3,1.8,0.8,0.1,0.8,11.1,11.5,12.9,4.1,108.1,119.6"
",Giannis Antetokounmpo,Mil,*,F,31,17,29.1,37.7,16,167,0.635,271,0.657,23,0.435,0.656,0.669,28.9,10.1,6.1,0.9,0.9,3.3,39.1,35.1,45.2,16.7,129.3,108.5"
",Myles Turner,Mil,*,C-F,29.7,26,28.7,18,10.2,70,0.714,94,0.511,152,0.382,0.549,0.578,12.3,5.6,1.7,0.9,1.7,1.1,17.9,14,19.5,6.8,114.3,111"
",A.J. Green,Mil,*,G,26.2,24,29,13.1,10.2,24,0.792,13,0.538,163,0.485,0.713,0.724,11.3,2.8,2.1,0.5,0.1,0.8,14,13.4,16.2,5.6,131,114.1"
",Kevin Porter Jr.,Mil,*,G-F,25.6,7,29.3,25.4,16.3,32,0.906,50,0.54,37,0.595,0.69,0.737,21.3,4.4,6.9,2,0.3,2.4,25.7,28.1,32.6,11.8,138.7,113.2"
",Kyle Kuzma,Mil,*,F,30.4,25,26.1,21.8,13.4,76,0.737,183,0.579,68,0.338,0.56,0.592,13.5,4.5,2.1,0.8,0.5,1.6,18,15.6,20.1,7.7,112.4,111.7"
",Bobby Portis,Mil,*,F,30.8,26,21.9,22.8,9.8,23,0.609,157,0.497,100,0.47,0.578,0.582,12,5.8,1.3,0.5,0.1,1.1,17.8,13.3,19.1,8.2,111.4,112.6"
",Ryan Rollins,Mil,*,G,23.4,26,32.1,24.2,15.9,55,0.782,215,0.53,150,0.393,0.555,0.576,17.2,4.1,6,1.7,0.3,2.7,21.3,23.2,27.3,9.4,112.3,112.6"
",Cole Anthony,Mil,*,G,25.6,24,15.8,25.9,21.5,20,0.55,119,0.496,49,0.286,0.476,0.484,7.1,2.7,4.1,0.7,0.3,1.9,9.8,11.2,13.9,10.8,98.4,105.9"
",Taurean Prince,Mil,*,F,31.7,8,21.1,11.6,11.5,3,1,10,0.5,28,0.429,0.605,0.623,6.1,1.6,1,0.8,0.3,0.6,7.8,7.1,8.8,4.1,112.6,111"
",Amir Coffey,Mil,*,G-F,28.5,19,7.8,8.1,4.1,7,1,13,0.538,10,0.3,0.5,0.575,1.6,0.8,0.4,0,0.1,0.1,2.4,2,2.8,4.1,132.5,122.3"
",Jericho Sims,Mil,*,C,27.1,20,14.1,7.5,35.3,7,0.714,29,0.828,0,0,0.828,0.826,2.7,3.6,0.7,0.2,0.3,0.8,6.2,3.3,6.9,5.4,135,109.9"
",Gary Harris,Mil,*,G,31.2,17,14.5,7.8,21.2,4,1,15,0.467,18,0.333,0.485,0.518,2.1,1.4,1.2,0.7,0.2,0.5,3.5,3.4,4.8,4.2,106.3,113.9"
",Andre Jackson Jr.,Mil,*,G,24.1,12,6.5,12.9,23.4,4,0.75,8,0.375,8,0.25,0.375,0.422,1.3,0.8,1.3,0.4,0.2,0.4,2.1,2.6,3.4,6.8,109.4,106.9"
",Thanasis Antetokounmpo,Mil,*,F,33.4,10,2.5,24.4,9.7,9,0.667,9,0.667,0,0,0.667,0.694,1.8,0.4,0,0.3,0.3,0.1,2.2,1.8,2.2,0,0,0"
",Derrick Jones Jr.,Lac,*,F,28.8,13,24.9,15.5,9.8,28,0.786,46,0.717,46,0.348,0.62,0.652,10.5,2.4,1.1,0.8,1.2,0.8,12.8,11.5,13.9,4.9,127.1,116.8"
",Kawhi Leonard,Lac,*,F,34.5,15,32.4,30.7,8.8,74,0.973,188,0.537,92,0.38,0.548,0.606,25.3,5.7,3.1,2.1,0.4,1.8,31,28.3,34.1,9.4,119.5,115.6"
",Ivica Zubac,Lac,*,C,28.7,25,32.8,20.1,13.9,73,0.699,296,0.615,0,0,0.615,0.632,16.6,11.4,2.6,0.5,1,1.9,28,19.2,30.6,9.6,126.4,112.1"
",Bradley Beal,Lac,*,G,32.5,6,20.2,22,15.7,8,0.75,29,0.379,19,0.368,0.448,0.476,8.2,0.8,1.7,0.5,0,1.5,9,9.8,10.7,4.4,91.4,114.5"
",James Harden,Lac,*,G,36.3,24,35.6,31.1,18.4,204,0.897,189,0.529,231,0.368,0.542,0.626,26.6,5.3,8.2,1.3,0.4,4,31.9,34.8,40.1,11.8,120.9,116.6"
",John Collins,Lac,*,F-C,28.2,25,26.9,19.4,13.5,57,0.807,162,0.586,74,0.297,0.542,0.578,12.1,4.6,0.7,0.8,0.6,1.5,16.7,12.8,17.4,5,109.1,114.2"
",Kris Dunn,Lac,*,G,31.7,25,26.3,13.3,17,27,0.741,91,0.571,65,0.354,0.554,0.575,7.7,2.7,2.8,1.7,0.2,1.3,10.4,10.6,13.3,5.9,114.4,114"
",Brook Lopez,Lac,*,C,37.7,19,14.1,19.5,12.2,11,0.727,32,0.469,68,0.353,0.51,0.525,5.8,1.7,0.5,0.3,0.8,0.7,7.5,6.3,8,4.8,97.1,111"
",Chris Paul,Lac,*,G,40.6,16,14.2,14.1,22.2,2,0.5,26,0.308,30,0.333,0.411,0.413,2.9,1.8,3.3,0.7,0,1,4.7,6.3,8,7.3,100.5,112.5"
",Nicolas Batum,Lac,*,G-F,37,25,19.7,10.3,15.9,7,0.857,5,0.4,90,0.378,0.558,0.571,4.5,2.8,0.8,0.8,0.4,0.7,7.2,5.3,8,4.4,107.5,112.4"
",Cam Christie,Lac,*,G,20.4,16,11.5,18.9,8.9,28,0.714,32,0.375,29,0.31,0.418,0.484,4.4,2.3,0.6,0.4,0.1,0.4,6.7,5,7.3,6.3,104.9,116.3"
",Kobe Sanders,Lac,*,G,23.5,17,19.3,16.1,20.8,24,0.917,41,0.488,46,0.348,0.506,0.564,6.5,1.9,1.3,0.6,0.1,1.4,8.4,7.8,9.6,5.2,102.4,111.2"
",Kobe Brown,Lac,*,F,25.9,16,12,15.1,16.3,12,0.833,18,0.667,33,0.273,0.5,0.542,3.8,2.2,1.1,0.4,0.1,0.6,6,4.9,7.1,7,111.3,118.3"
",Yanic Konan Niederhauser,Lac,*,C,22.8,11,5.2,19.7,14.1,10,0.5,18,0.722,0,0,0.722,0.692,2.8,1.4,0.3,0,0.3,0.3,4.2,3.1,4.5,8.1,133.8,117.3"
",Lauri Markkanen,Uta,*,F-C,28.6,23,35.1,27.9,6.4,157,0.898,259,0.552,193,0.358,0.545,0.608,27.6,6.7,2,0.8,0.4,1.3,34.2,29.6,36.2,8.2,125.4,120.4"
",Kyle Filipowski,Uta,*,C,22.1,23,22.5,17.2,14,54,0.722,102,0.549,64,0.328,0.527,0.564,9.3,6.3,2.4,0.6,0.5,1.2,15.6,11.7,18,9.2,117.8,110"
",Walker Kessler,Uta,*,C,24.4,5,30.8,16.4,30,20,0.7,29,0.69,8,0.75,0.784,0.786,14.4,10.8,3,1.4,1.8,3.2,25.2,17.4,28.2,10.1,129.5,106.9"
",Svi Mykhailiuk,Uta,*,G-F,28.5,24,26,12.9,11.4,8,0.875,53,0.698,118,0.373,0.602,0.61,8.9,2.7,2.1,0.5,0.1,0.9,11.5,11,13.7,5.7,119,121.7"
",Keyonte George,Uta,*,G,22.1,24,33.4,27.8,18,168,0.911,232,0.513,155,0.342,0.513,0.597,22.9,4,6.8,0.9,0.3,3.5,26.9,29.7,33.7,10.2,116.1,118.4"
",Brice Sensabaugh,Uta,*,F,22.1,23,15.7,22.4,10.3,33,0.848,62,0.516,103,0.35,0.521,0.557,8.7,2.5,1.2,0.7,0.2,0.8,11.2,9.9,12.3,7.6,111.1,112.1"
",Ace Bailey,Uta,*,F,19.3,24,23.6,18.8,13.1,22,0.773,119,0.513,99,0.354,0.521,0.536,10.2,3.3,1.7,0.8,0.4,1.4,13.5,11.8,15.1,6.5,105.7,115.3"
",Taylor Hendricks,Uta,*,F,22.1,13,14.5,15.1,9.5,15,0.733,30,0.467,27,0.333,0.482,0.519,5.1,3.6,0.5,0.4,0.3,0.5,8.7,5.6,9.2,5.8,114.4,121.4"
",Jusuf Nurkic,Uta,*,C,31.3,23,24.2,18.5,25,55,0.509,137,0.526,34,0.206,0.482,0.494,8.4,9.6,3.9,1.5,0.4,2.5,18,12.3,21.8,11.2,101.4,105.4"
",Walter Clayton Jr.,Uta,*,G,22.8,20,16.7,17.6,20.2,24,0.958,51,0.549,55,0.309,0.505,0.558,6.5,2.2,3.6,0.5,0.2,1.4,8.7,10.1,12.2,8.9,113.5,113.4"
",Cody Williams,Uta,*,F,21.1,13,12.1,12,11.1,3,0.333,21,0.524,19,0.105,0.35,0.351,2.2,0.9,0.5,0.2,0.2,0.4,3.2,2.7,3.6,3.3,76.5,115.1"
",Julian Champagnie,San,*,F,24.5,24,28.8,15.2,11.4,51,0.843,54,0.574,147,0.381,0.572,0.611,11.4,5.5,1.5,1,0.5,1.1,16.9,12.8,18.3,6.3,121,111.7"
",Harrison Barnes,San,*,F,33.5,24,31.1,15.9,11.8,44,0.886,95,0.568,136,0.434,0.617,0.647,13.5,3.4,2.2,1,0.2,1.3,16.9,15.7,19,6,125.6,113.9"
",Victor Wembanyama,San,*,F-C,21.9,12,34.7,30.5,16.3,84,0.857,163,0.558,58,0.345,0.548,0.609,26.2,12.9,4,1.1,3.6,3.6,39.1,30.2,43.1,12.7,116.1,102"
",Devin Vassell,San,*,G-F,25.3,24,32.4,19.1,7.6,49,0.878,140,0.471,165,0.394,0.536,0.567,15.4,3.7,2.5,1,0.5,1,19.1,17.9,21.6,6.4,116.6,111.5"
",Stephon Castle,San,*,G,21.1,15,31,25.9,24,102,0.716,125,0.6,58,0.276,0.541,0.595,18.1,6,7.3,1.5,0.3,3.9,24.1,25.4,31.4,11.9,115.3,104.5"
",Luke Kornet,San,*,C-F,30.4,16,25.5,10.5,13.2,41,0.805,72,0.625,0,0,0.625,0.683,7.7,6.3,2.3,0.3,1.5,0.7,14,9.9,16.3,7.6,152.1,110.7"
",Keldon Johnson,San,*,F-G,26.2,24,24,19.3,9.9,71,0.746,145,0.676,64,0.344,0.627,0.656,13.1,6.5,1.7,0.8,0.1,1,19.7,14.8,21.4,8.8,134.4,108.1"
",Dylan Harper,San,*,G,19.8,14,21.7,27,12.6,46,0.717,119,0.538,33,0.273,0.51,0.546,13.4,3.1,3.9,0.9,0,1.6,16.5,17.3,20.4,10,114.5,106.9"
",Jordan McLaughlin,San,*,G,29.7,9,8.3,15.4,7.6,3,1,9,0.556,15,0.333,0.521,0.553,3.1,0.6,1.1,0.8,0,0.2,3.7,4.2,4.8,6.1,126.3,107.4"
",Carter Bryant,San,*,F,20,18,7.9,17.4,10.5,4,0.75,23,0.391,28,0.286,0.412,0.426,2.5,1.7,0.1,0.2,0.1,0.3,4.2,2.6,4.2,3.8,87.4,106.3"
",Bismack Biyombo,San,*,C,33.3,8,7.2,5.7,41.6,2,0.5,4,0.75,0,0,0.75,0.717,0.9,0.8,0.4,0.4,0.1,0.4,1.6,1.3,2,3.7,107.7,100.3"
",Harrison Ingram,San,*,F,23,3,3.6,11.7,0,0,0,2,0.5,1,1,0.833,0.833,1.7,1,0,0,0,0,2.7,1.7,2.7,0,0,0"
",David Jones Garcia,San,*,F,24.1,10,6.7,20.5,16.5,6,0.5,20,0.5,5,0.6,0.58,0.579,3.2,1.2,1.8,0.6,0.1,0.5,4.4,5,6.2,11.4,125.1,105.6"
",Riley Minix,San,*,F,25.2,3,2.8,30.5,0,0,0,3,1,3,0.333,0.75,0.75,3,0.7,0.3,0.3,0,0,3.7,3.3,4,12.2,0,0"
",P.J. Washington,Dal,*,F,27.3,21,31.6,23.3,16.3,82,0.683,175,0.503,101,0.327,0.498,0.53,15.8,7.6,2.2,1.2,1.2,2.6,23.4,18,25.6,8.1,98.7,107.6"
",Anthony Davis,Dal,*,F-C,32.8,11,29.6,27.8,10.3,47,0.702,152,0.546,22,0.318,0.537,0.565,20,10.5,3.2,1.4,1.6,1.8,30.5,23.2,33.7,11.8,115.7,105.5"
",Dereck Lively II,Dal,*,C,21.8,7,16.5,11.9,35.3,10,0.8,18,0.611,0,0,0.611,0.67,4.3,5.3,1.9,0.6,1.6,1.4,9.6,6.1,11.4,8.5,121.9,96.1"
",Klay Thompson,Dal,*,G,35.8,24,21.8,22.5,7.3,16,0.813,67,0.403,185,0.357,0.5,0.512,11,2.6,1.4,0.3,0.3,0.8,13.6,12.4,15,6.3,100.3,114.5"
",Cooper Flagg,Dal,*,F,19,25,33.7,22.3,12.8,93,0.817,269,0.554,84,0.25,0.511,0.555,17.5,6.3,3.4,1.3,0.7,2.1,23.8,20.9,27.2,8.6,109.1,109.9"
",Naji Marshall,Dal,*,F,27.9,26,27.7,16.9,11.9,102,0.804,134,0.649,80,0.313,0.582,0.639,12.7,4.8,2.6,1.2,0.1,1.1,17.5,15.3,20.1,7.8,126.8,109"
",Max Christie,Dal,*,G,22.8,26,29.1,14.9,12,40,0.825,78,0.513,142,0.465,0.632,0.654,12,3.3,1.9,0.5,0.5,1.2,15.3,13.9,17.2,5.8,118.9,113.4"
",D'Angelo Russell,Dal,*,G,29.8,21,20.3,27.4,17.9,58,0.707,105,0.514,101,0.287,0.473,0.51,11.2,2.6,4.3,0.4,0.1,2.1,13.9,15.6,18.2,9.9,100.5,112"
",Ryan Nembhard,Dal,*,G,22.8,13,18.7,17.8,16.8,3,0.667,53,0.566,31,0.484,0.625,0.627,8.2,1.6,4.8,0.2,0,1.3,9.8,13,14.6,8.5,123.1,112.2"
",Dwight Powell,Dal,*,F-C,34.4,21,11.1,8.6,26.2,30,0.733,25,0.64,0,0,0.64,0.707,2.6,2.1,0.9,0.5,0.2,0.4,4.7,3.5,5.6,6.1,141.8,98.1"
",Brandon Williams,Dal,*,G,26.1,24,21.8,24.7,16.2,80,0.8,158,0.481,69,0.203,0.427,0.492,10.8,2.5,4.2,1.4,0.2,1.8,13.2,14.9,17.4,8.9,102,109.8"
",Jaden Hardy,Dal,*,G,23.4,20,10.5,24.1,13.6,22,0.818,35,0.371,60,0.417,0.532,0.568,6,1.2,0.5,0.2,0.1,0.8,7.1,6.4,7.6,5.8,102.1,109.3"
",Caleb Martin,Dal,*,F,30.2,22,9.1,10.2,17.6,8,0.875,24,0.292,13,0.154,0.27,0.333,1.2,1.5,0.9,0.5,0.1,0.4,2.7,2.1,3.6,5.2,89,98.6"
",Moussa Cisse,Dal,*,C,23.3,18,10.1,13.7,27.6,27,0.407,34,0.618,0,0,0.618,0.578,2.9,3.3,0.2,0.2,1.1,0.7,6.3,3.1,6.4,4.9,107.4,98.9"
",DeMar DeRozan,Sac,*,G-F,36.4,25,32.6,20.7,7.5,113,0.894,272,0.522,50,0.38,0.53,0.595,17.7,3.2,3.4,1.3,0.2,1,20.8,21.1,24.2,7.1,122,119.3"
",Nique Clifford,Sac,*,G,23.8,21,16.7,14,17.5,18,0.667,50,0.46,39,0.282,0.444,0.469,4.3,2.7,1.4,0.4,0.3,0.9,7,5.8,8.4,6.1,95.1,111.9"
",Drew Eubanks,Sac,*,F-C,28.9,25,14.4,15.3,19.4,38,0.526,89,0.618,2,0.5,0.621,0.617,5.3,2.8,0.3,0.5,0.7,0.9,8.2,5.6,8.5,4.6,107.9,114.4"
",Zach LaVine,Sac,*,G,30.8,22,33.6,23.9,12.9,82,0.866,174,0.575,157,0.389,0.579,0.618,20.6,3.1,2.3,0.8,0.2,2.2,23.7,23,26,6.3,111.6,119.8"
",Dennis Schroder,Sac,*,G,32.2,18,29.2,21,14.4,41,0.78,126,0.437,81,0.333,0.461,0.495,12.4,3.7,6,0.8,0.2,1.9,16.1,18.4,22.1,8.9,104.1,119.1"
",Maxime Raynaud,Sac,*,C,22.7,17,18,19.1,10.4,29,0.759,98,0.551,14,0.357,0.549,0.581,8.5,4.6,1,0.4,0.5,0.8,13.2,9.5,14.2,7.5,116.2,111.6"
",Malik Monk,Sac,*,G,27.9,22,23.8,22.8,10.2,40,0.85,135,0.467,102,0.402,0.525,0.556,12.9,2.1,2.5,0.9,0.5,1.2,15,15.3,17.4,6.9,108.4,118.8"
",Dario Saric,Sac,*,F-C,31.7,3,9.2,10.6,15.5,2,1,3,0,2,0.5,0.3,0.425,1.7,1.7,0.7,0,0,0.3,3.3,2.3,4,5.5,97.5,126.6"
",Russell Westbrook,Sac,*,G,37.1,25,28.7,24.1,21.6,66,0.652,169,0.491,128,0.367,0.517,0.537,14,6.8,7.2,1.3,0.2,3.3,20.8,21.2,28,12.3,105.8,113.9"
",Keon Ellis,Sac,*,G,25.9,24,16.9,13.4,8.3,19,0.526,29,0.483,81,0.37,0.536,0.541,5.3,1.3,0.7,1.2,0.4,0.4,6.6,6,7.3,4,105.7,114.3"
",Dylan Cardwell,Sac,*,C,24,3,10.8,11.6,24.3,2,0.5,5,0.4,1,0,0.333,0.363,1.7,1.7,0,0.7,1,0.7,3.3,1.7,3.3,0,71.5,90.8"
",Dillon Brooks,Pho,*,G-F,29.9,19,31.1,29.9,11.1,80,0.825,204,0.534,139,0.309,0.506,0.546,21.7,3.1,1.8,1.4,0.1,2.3,24.8,23.6,26.6,6.4,106.8,109.3"
",Ryan Dunn,Pho,*,F,22.9,20,23.2,14.4,12.5,18,0.667,80,0.563,53,0.302,0.519,0.532,7.5,5,1.9,1.4,0.6,1,12.5,9.4,14.3,7.1,116.3,106.9"
",Oso Ighodaro,Pho,*,F,23.4,25,17.5,13,23.2,26,0.385,95,0.6,1,0,0.594,0.577,5,3.6,1.7,0.7,0.6,1.2,8.6,6.7,10.3,7.1,107.9,103.7"
",Grayson Allen,Pho,*,G,30.2,17,30.8,21.4,11.6,41,0.78,78,0.5,143,0.399,0.563,0.588,16.5,2.8,3.9,1.6,0.2,1.7,19.3,20.5,23.2,7.3,119.1,112.3"
",Devin Booker,Pho,*,G,29.1,22,34.7,30.2,17.3,175,0.874,268,0.522,124,0.315,0.506,0.586,25,4.3,6.7,0.9,0.4,3.7,29.3,31.7,36,10.3,117.2,112.9"
",Collin Gillespie,Pho,*,G,26.5,25,27.1,19.9,14.5,30,0.867,95,0.453,169,0.426,0.572,0.592,13.1,3.8,4.8,1.2,0.3,1.8,17,17.9,21.7,9.2,121.3,115.5"
",Mark Williams,Pho,*,C,24,21,24.8,17.6,11.9,79,0.759,162,0.648,1,1,0.653,0.69,13,8.4,1.1,1.4,0.8,1,21.4,14.1,22.5,8,140.2,105"
",Royce O'Neale,Pho,*,F,32.5,25,29.8,14.6,14.8,10,0.7,41,0.488,177,0.407,0.587,0.591,10.5,5.3,2.9,1.3,0.2,1.5,15.8,13.4,18.8,7.3,115.8,110.5"
",Nigel Hayes-Davis,Pho,*,F,31,18,9.1,11.4,13.6,2,0.5,24,0.458,14,0.071,0.329,0.334,1.4,1.3,0.3,0.4,0.1,0.3,2.7,1.8,3.1,3.6,81.1,112.8"
",Nick Richards,Pho,*,C,28,23,9.7,17.8,26.7,28,0.679,60,0.517,0,0,0.517,0.56,3.5,3.3,0.3,0.1,0.5,1,6.9,3.9,7.2,6.2,103.9,103.1"
",Jaden McDaniels,Min,*,F,25.2,24,32.6,18.8,13.9,54,0.833,194,0.562,84,0.44,0.592,0.62,15.6,4.8,2.6,1.2,1,1.9,20.3,18.2,23,7.1,118.6,107.5"
",Julius Randle,Min,*,F-C,31,25,33.7,26.8,15.2,177,0.836,261,0.567,124,0.355,0.556,0.622,23,7.2,5.9,0.9,0.2,2.8,30.2,29,36.1,11.8,124.9,109.6"
",Rudy Gobert,Min,*,C,33.5,25,31.5,12.9,18.3,94,0.543,161,0.745,0,0,0.745,0.719,11.6,10.2,1.8,0.5,1.4,1.4,21.9,13.5,23.7,7.6,140.6,106.4"
",Anthony Edwards,Min,*,G,24.4,20,34.3,31.4,13.2,144,0.833,225,0.56,161,0.416,0.587,0.638,28.7,4.9,3.8,1.2,0.8,3,33.6,32.5,37.4,9.5,120.3,112.1"
",Donte DiVincenzo,Min,*,G,28.9,25,31.3,17.1,11.3,54,0.833,60,0.533,199,0.382,0.564,0.596,13.5,4,3.7,1,0.4,1.3,17.5,17.2,21.2,7.5,122.5,111.2"
",Naz Reid,Min,*,C-F,26.3,25,26,21.7,11,32,0.75,129,0.543,154,0.383,0.56,0.574,13.6,5.9,2.5,1,0.8,1.4,19.6,16.2,22.1,9,114.9,105.9"
",Terrence Shannon Jr.,Min,*,G-F,25.4,16,14.1,16.2,18.6,25,0.76,36,0.417,25,0.4,0.492,0.549,4.9,1.7,0.9,0.4,0.1,0.9,6.6,5.8,7.5,5.6,104.4,107.1"
",Mike Conley,Min,*,G,38.2,24,19.1,12.3,14.9,29,0.931,31,0.355,71,0.366,0.49,0.553,5.3,1.8,3.2,0.6,0.1,0.8,7.1,8.5,10.3,6.5,124.2,110.5"
",Jaylen Clark,Min,*,G,24.2,23,14.9,13,6.5,30,0.6,42,0.524,44,0.341,0.517,0.539,4.7,2.2,0.5,0.8,0.1,0.3,6.9,5.2,7.4,4.6,122.1,106.4"
",Deni Avdija,Por,*,F,24.9,25,34.2,27.8,18,237,0.806,243,0.539,163,0.374,0.548,0.623,25.4,7.2,6.2,0.7,0.7,3.6,32.6,31.7,38.8,12.2,122.4,111.9"
",Toumani Camara,Por,*,F,25.6,25,33.4,16.1,15.9,41,0.707,93,0.559,176,0.341,0.528,0.545,12.5,5.3,2.8,1,0.6,2,17.8,15.4,20.6,6.8,109.9,113.2"
",Donovan Clingan,Por,*,C,21.8,21,25.2,15.3,9.2,42,0.81,110,0.609,58,0.241,0.524,0.563,10,10.2,1.7,0.6,1.4,0.8,20.2,11.7,21.9,8.9,132.3,109.5"
",Shaedon Sharpe,Por,*,G,22.5,21,28.3,31.4,14,109,0.78,236,0.53,127,0.283,0.493,0.539,21.1,4.7,2.3,1.3,0.2,2.8,25.8,23.4,28,8.6,104.8,113.3"
",Jrue Holiday,Por,*,G,35.5,12,33.4,21,17.4,25,0.84,81,0.531,85,0.365,0.539,0.565,16.7,5.3,8.2,1.6,0.3,2.9,21.9,24.8,30.1,10.8,118,115.8"
",Jerami Grant,Por,*,F,31.8,24,29.8,24.3,13.6,157,0.86,174,0.471,144,0.382,0.517,0.599,19.3,3.9,2.6,0.8,0.6,2.1,23.2,21.9,25.8,7.8,120.3,113.4"
",Yang Hansen,Por,*,C,20.5,13,7.7,21.1,18.2,10,0.9,24,0.458,16,0.063,0.313,0.383,2.6,1.8,0.8,0,0.4,0.7,4.4,3.4,5.2,8.1,84.8,109.1"
",Blake Wesley,Por,*,G,22.7,6,16.4,18.4,17,10,0.6,24,0.5,10,0.2,0.441,0.469,6,2.3,3.2,1.7,0.2,1.2,8.3,9.2,11.5,8.6,103.3,104.1"
",Kris Murray,Por,*,F,25.3,23,24.9,10,16.3,22,0.682,66,0.576,47,0.255,0.496,0.518,5.5,4,1.1,1.2,0.3,1,9.6,6.6,10.7,4.6,110.6,114.5"
",Matisse Thybulle,Por,*,G-F,28.8,4,12.2,10.4,8.7,4,1,4,0.5,6,0.667,0.8,0.85,5,1,0.8,2.5,0,0.3,6,5.8,6.8,5.2,163.7,100"
",Bones Hyland,Min,*,G,25.2,16,8.7,19.3,19.3,4,0.75,18,0.722,32,0.406,0.65,0.657,4.3,1,1.4,0.4,0,0.8,5.3,5.7,6.7,8.4,117.9,105.4"
",Ousmane Dieng,Okc,*,F,22.6,17,12.5,14.1,8.9,6,1,29,0.448,32,0.438,0.557,0.581,4.4,1.8,0.9,0.1,0.3,0.4,6.1,5.2,7,6.2,118.9,103.1"
",Branden Carlson,Okc,*,C,26.5,17,10,17.6,6,7,0.429,32,0.719,30,0.4,0.661,0.653,5,2.2,0.6,0.1,0.6,0.2,7.2,5.6,7.8,7.5,130.6,99.6"
",Aaron Nesmith,Ind,*,G-F,26.2,11,30.4,21.4,5.1,39,0.795,64,0.359,83,0.373,0.473,0.518,15.5,4.5,1.5,0.8,0.3,0.7,19.9,17,21.5,6.2,111.7,114.3"
",Pascal Siakam,Ind,*,F,31.7,24,34.2,28.9,10.3,165,0.685,331,0.52,115,0.365,0.527,0.562,24.3,7,4,1.3,0.5,2.1,31.3,28.3,35.3,10.3,113.9,111.6"
",Isaiah Jackson,Ind,*,F,23.9,25,18.6,16.2,19.1,56,0.768,127,0.591,0,0,0.591,0.636,7.7,5.8,0.8,0.8,0.8,1.2,13.5,8.6,14.3,7.1,123.7,101.2"
",Bennedict Mathurin,Ind,*,G-F,23.5,14,32.6,24.8,16.6,86,0.837,105,0.476,90,0.422,0.549,0.614,20.4,5.6,2.3,0.7,0.2,2.8,26,22.7,28.3,7.9,112,111.8"
",Andrew Nembhard,Ind,*,G-F,25.9,17,31.3,24.2,14.7,87,0.851,148,0.473,83,0.361,0.498,0.564,17.9,2.3,6.6,0.9,0.2,2.4,20.2,24.5,26.8,8.3,115.3,115.7"
",Obi Toppin,Ind,*,F,27.8,3,27.4,23.3,14.1,9,1,19,0.632,17,0.176,0.458,0.526,14,6.7,1.7,1,0,2,20.7,15.7,22.3,7.9,101.2,109.8"
",Taelon Peter,Ind,*,G,23.8,15,7.1,15.8,23.5,5,0.8,2,0.5,27,0.222,0.345,0.385,1.6,1.1,0.9,0.1,0.1,0.6,2.7,2.5,3.6,6.6,83,116.8"
",Ben Sheppard,Ind,*,G,24.4,22,24.9,12.9,9.2,19,0.789,59,0.475,88,0.273,0.435,0.46,6.5,4.1,2,0.6,0.1,0.7,10.6,8.5,12.5,6,102.7,113.5"
",Jay Huff,Ind,*,C,28.3,25,19.2,16.7,9.5,33,0.788,49,0.653,112,0.321,0.534,0.564,7.9,3.7,1.3,0.3,2.5,0.7,11.6,9.2,12.9,7,117.2,109.2"
",Jarace Walker,Ind,*,F,22.3,25,25.7,19.3,18.1,60,0.817,107,0.383,115,0.313,0.428,0.481,9.6,5,2.1,0.6,0.4,2,14.5,11.7,16.6,7.2,92.5,113.5"
",Tony Bradley,Ind,*,C-F,27.9,22,11.7,15.2,11.1,29,0.724,71,0.592,1,0,0.583,0.619,4.8,2.6,0.6,0.1,0.2,0.4,7.4,5.4,8,6.7,132.9,105"
",Johnny Furphy,Ind,*,G,21,7,11.6,9.7,26.3,0,0,6,0.333,8,0.375,0.464,0.464,1.9,1.7,0.1,0.6,0,0.7,3.6,2,3.7,2.4,74.6,109"
",Cameron Johnson,Den,*,F,29.8,23,30.1,15.3,11.4,49,0.796,97,0.526,104,0.385,0.552,0.586,11.3,3.4,2.2,0.7,0.3,1.1,14.7,13.6,17,5.8,118.9,113.5"
",Aaron Gordon,Den,*,F,30.2,13,28.3,23,10.4,60,0.867,91,0.593,63,0.444,0.623,0.676,18.8,5.9,1.3,0.8,0.2,1.4,24.7,20.1,26,7.4,131.3,112.5"
",Nikola Jokic,Den,*,C,30.8,24,34.6,29.2,16.5,173,0.85,292,0.702,118,0.424,0.683,0.727,29.5,12.3,10.9,1.4,0.7,3.4,41.7,40.3,52.6,18.3,145.3,106.5"
",Christian Braun,Den,*,G,24.7,11,29.6,16.3,12.6,29,0.793,69,0.609,28,0.214,0.526,0.569,11.4,4.4,3,0.8,0.3,1.3,15.7,14.4,18.7,7.2,121.9,113.2"
",Jamal Murray,Den,*,G,28.8,23,34.6,26.9,11.5,91,0.89,243,0.539,165,0.442,0.589,0.627,24.4,4.4,6.9,1.1,0.3,2.3,28.9,31.3,35.7,10.5,126.5,115.3"
",Tim Hardaway Jr.,Den,*,G-F,33.7,24,24.9,17.2,3.1,41,0.878,75,0.547,140,0.414,0.595,0.627,12.2,2.1,1.5,0.5,0.1,0.3,14.3,13.7,15.8,5.4,131,117.3"
",Bruce Brown,Den,*,G-F,29.3,24,23.6,13.7,13.9,36,0.806,102,0.461,40,0.325,0.468,0.513,6.8,3.7,2,0.8,0.3,1,10.4,8.8,12.4,6.3,111.8,109.6"
",Peyton Watson,Den,*,G,23.3,24,27,16.3,13.9,56,0.714,124,0.565,67,0.388,0.571,0.598,10.8,5,1.7,0.9,1.2,1.3,15.8,12.4,17.4,6.7,117.7,110.6"
",Jonas Valanciunas,Den,*,C,33.6,24,12.8,25.9,14.5,46,0.739,131,0.611,10,0.3,0.599,0.629,8.5,4.7,1.3,0.2,0.5,1,13.1,9.7,14.4,11.7,124,101.3"
",Spencer Jones,Den,*,F,24.5,20,16.2,9.9,17.3,14,0.643,26,0.731,31,0.452,0.702,0.705,4.5,2.1,0.7,0.6,0.2,0.6,6.6,5.2,7.3,4.6,136,106.5"
",N'Faly Dante,Atl,*,C,24.2,4,3.9,14.9,18.4,1,1,4,0.25,0,0,0.25,0.338,0.8,1.8,0,0.5,0,0.3,2.5,0.8,2.5,0,0,0"
",Vit Krejci,Atl,*,G,25.5,22,23.8,14.7,11.4,16,0.688,32,0.656,123,0.455,0.677,0.682,10,2.3,1.8,0.8,0.3,0.9,12.3,11.9,14.1,5.8,123.3,112.3"
",Asa Newell,Atl,*,F,20.2,16,9,18.2,10.5,12,0.75,27,0.63,24,0.5,0.686,0.702,4.9,1.6,0.4,0.4,0.3,0.4,6.6,5.4,7,6.5,135.2,108.3"
",Jett Howard,Orl,*,G,22.2,16,10.2,19.2,2.7,5,1,25,0.56,46,0.37,0.556,0.574,5.3,1.1,0.7,0.1,0.2,0.1,6.4,5.9,7.1,6.3,122.4,110.8"
",Baylor Scheierman,Bos,*,G,25.2,21,11.9,9.3,14.7,1,1,10,0.8,36,0.472,0.728,0.732,3.2,1.9,0.7,0.5,0.1,0.4,5.1,4,5.8,5.4,137,108.1"
",Hugo Gonzalez,Bos,*,G,19.9,20,11.5,13.2,16.1,7,0.429,36,0.528,21,0.476,0.596,0.591,3.6,2.1,0.6,0.7,0.2,0.6,5.6,4.1,6.2,5.8,114.5,102.7"
",Jordan Walsh,Bos,*,G,21.8,21,21.5,11.9,10.4,22,0.818,64,0.672,39,0.487,0.694,0.714,7.7,5,1,1.2,0.6,0.6,12.6,8.7,13.7,6.3,146.9,103.2"
",Amari Williams,Bos,*,F-C,23.9,6,5.2,4,0,2,0.5,2,0.5,0,0,0.5,0.521,0.5,1.2,0.2,0.2,0.3,0,1.7,0.7,1.8,3.8,149.9,104.8"
",Josh Hart,Nyk,*,G,30.8,23,29.6,16.8,18.5,45,0.822,114,0.605,93,0.398,0.601,0.631,12.4,7.8,5,1.3,0.3,2,20.3,17.4,25.2,10.6,127.1,105.7"
",Chaz Lanier,Det,*,G,24,13,10.3,13.6,2.3,3,1,5,0.4,37,0.324,0.476,0.496,3.3,1.1,0.8,0.3,0,0.1,4.4,4.1,5.2,5.5,122.2,117.5"
",Daniss Jenkins,Det,*,G,24.3,20,17.6,21,16.7,33,0.758,90,0.5,49,0.347,0.507,0.541,8.3,1.9,3.4,1,0.1,1.4,10.2,11.7,13.6,8.6,112.9,109.9"
",Keshad Johnson,Mia,*,F,24.5,9,11.7,16.6,7.8,11,0.636,20,0.4,15,0.267,0.4,0.439,3.9,3.1,0.1,0.3,0.4,0.3,7,4,7.1,3.6,98.5,105.5"
",Jahmir Young,Mia,*,G,25.2,5,4.9,21.8,15.4,0,0,6,0.333,5,0.4,0.455,0.455,2,0.4,0.8,0.2,0,0.4,2.4,2.8,3.2,7,89.6,105.3"
",PJ Hall,Mem,*,C,23.8,7,3.8,17.6,9.7,3,0.667,6,0.667,3,0.333,0.611,0.63,1.9,1.3,0.3,0,0.3,0.1,3.1,2.1,3.4,9.5,0,0"
",GG Jackson,Mem,*,F,21,8,6.8,26,6.6,9,0.667,16,0.438,12,0,0.25,0.313,2.5,1.8,0.3,0.5,0.1,0.3,4.3,2.8,4.5,6.5,73.8,105.1"
",Jose Alvarado,Nor,*,G,27.7,25,22.5,17,15.4,18,0.833,70,0.543,117,0.376,0.556,0.572,8.9,2.9,3.3,1,0.1,1.4,11.8,12.2,15.1,7.8,112.8,116.2"
",Rob Dillingham,Min,*,G,20.9,22,10.4,22.9,18.6,13,0.692,74,0.378,22,0.273,0.385,0.408,3.8,1.1,1.9,0.7,0.1,1,4.9,5.6,6.7,7.7,87.8,107.3"
",Joan Beringer,Min,*,F,19.1,9,4.1,16.3,15,3,0.667,11,0.727,0,0,0.727,0.731,2,1.3,0,0.1,0.2,0.2,3.3,2,3.3,0,124.7,88.2"
",Joe Ingles,Min,*,F-G,38.2,8,2.9,3.7,0,0,0,0,0,2,0,0,0,0,0,0.8,0.1,0,0,0,0.8,0.8,0,0,0"
",Leonard Miller,Min,*,F,22,9,4.3,20.1,24.6,5,0.6,7,0.857,5,0,0.5,0.528,1.7,1.2,0.4,0.2,0,0.4,2.9,2.1,3.3,8.7,94.7,93.6"
",Johnny Juzang,Min,*,G,24.7,8,2.8,20.8,9.8,2,0.5,2,0.5,7,0.286,0.444,0.455,1.1,0.4,0.1,0,0,0.1,1.5,1.3,1.6,5,0,0"
",Dalton Knecht,Lal,*,F,24.7,20,15.1,16.8,7.3,15,0.667,44,0.614,58,0.362,0.574,0.585,6.4,1.9,0.6,0.4,0.4,0.4,8.2,7,8.8,5.1,117,112.6"
",Bronny James,Lal,*,G,21.2,14,9,14.9,25.9,2,1,17,0.353,14,0.286,0.387,0.408,1.9,0.6,1.5,0.6,0.1,0.8,2.5,3.4,4,5.3,90.2,110.3"
",Christian Koloko,Lal,*,C,25.5,2,3.2,0,0,0,0,0,0,0,0,0,0,0,0.5,0,0,0,0,0.5,0,0.5,0,0,0"
",Moses Moody,Gol,*,G,23.5,24,24.8,19.1,11.4,53,0.83,70,0.457,147,0.388,0.541,0.58,11.6,3.3,1.5,1,0.7,1.2,14.9,13.1,16.3,6.2,113.2,108.9"
",Trayce Jackson-Davis,Gol,*,F,25.8,16,12.8,14.5,13.5,26,0.654,51,0.549,0,0,0.549,0.585,4.6,3.4,1.1,0.3,0.7,0.5,8,5.6,9.1,8.1,129.8,105.5"
",Pat Spencer,Gol,*,G,29.4,18,16.5,20.2,12.7,20,0.9,83,0.47,33,0.424,0.517,0.553,7.7,2.6,3.3,0.7,0.1,0.9,10.2,10.9,13.5,9.8,119.9,107.8"
",Rayan Rupert,Por,*,G-F,21.5,18,8.6,13.4,17.9,4,0.5,21,0.429,20,0.3,0.439,0.444,2.1,1.8,0.4,0.4,0.1,0.5,3.9,2.5,4.3,5.3,88.3,107.2"
",Duop Reath,Por,*,C,29.5,20,8.4,14,10.3,3,0.667,14,0.571,38,0.5,0.702,0.703,3.8,1,0.3,0.2,0.2,0.3,4.7,4.1,5,5,130.2,114.1"
",Isaac Jones,Sac,,F,25.4,3,5.6,7.2,0,2,0.5,1,1,1,0,0.5,0.521,1,0.7,0.3,0,0,0,1.7,1.3,2,4.2,147.6,105"
",Domantas Sabonis,Sac,*,F-C,29.6,11,33.2,22.7,16.2,51,0.725,125,0.56,20,0.2,0.524,0.564,17.2,12.3,3.7,1.2,0.2,2.5,29.5,20.9,33.2,11.1,113.3,107.7"
",Rasheer Fleming,Pho,*,F,21.4,13,5.9,20.1,8.5,5,1,14,0.5,18,0.222,0.406,0.453,2.4,1.2,0.2,0.3,0.2,0.2,3.5,2.5,3.7,5.6,102.5,107.4"
",Jordan Goodwin,Pho,*,G,27.1,22,20.5,19.2,12.4,12,0.75,95,0.495,81,0.37,0.523,0.532,8.8,4.2,2,1.5,0.1,1.1,13,10.8,15,8.2,113.5,110.3"
",Khaman Maluach,Pho,*,C,19.2,12,4.9,15.3,27.2,8,0.875,9,0.556,4,0,0.385,0.515,1.4,1,0.2,0,0.3,0.4,2.4,1.6,2.6,5.3,92.1,102.2"
",Julian Phillips,Chi,*,F,22.1,22,10.1,11.2,3.5,6,0.833,25,0.6,30,0.3,0.518,0.538,2.8,1.4,0.3,0.5,0.2,0.1,4.2,3.1,4.5,4.2,123.8,112.7"
",Jase Richardson,Orl,*,G,20.2,14,6.7,18.8,10.4,9,0.778,20,0.55,14,0.429,0.588,0.619,3.4,0.9,0.9,0.2,0,0.3,4.3,4.3,5.2,8.4,128.5,108.6"
",Jacob Toppin,Atl,*,F,25.6,5,3.4,15,0,0,0,6,0.667,0,0,0.667,0.667,1.6,0.4,0.2,0,0.2,0,2,1.8,2.2,5.9,0,0"
",Caleb Houstan,Atl,*,G,22.9,8,5.4,18,22.9,3,1,3,0.333,10,0.5,0.654,0.698,2.5,0.6,0.3,0.1,0.1,0.5,3.1,2.8,3.4,5.7,116.7,112"
",Mason Plumlee,Cha,*,F-C,35.8,10,9.4,7.5,48.9,11,0.636,6,0.833,0,0,0.833,0.784,1.7,2.9,1.1,0.4,0,0.6,4.6,2.8,5.7,7.5,131.2,111.5"
",James Wiseman,Ind,*,C,24.7,1,19.9,12.6,50,0,0,3,0.667,0,0,0.667,0.667,4,4,0,0,1,3,8,4,8,0,90,116.5"
",RayJ Dennis,Ind,*,G,24.7,13,12.9,22.3,16.2,9,0.889,34,0.294,38,0.316,0.389,0.421,4.9,1.6,2,0.2,0.3,1.1,6.5,6.9,8.5,7.8,91.3,113.8"
",Isaiah Livers,Pho,*,F,27.4,13,12.2,9.7,14.5,6,0.833,5,0.6,24,0.292,0.466,0.506,2.5,2.2,0.4,0.5,0.3,0.4,4.6,2.8,5,4.3,108.5,110.3"
",Jalen Pickett,Den,*,G,26.1,11,8.8,13.9,19.1,1,1,10,0.5,15,0.4,0.56,0.57,2.6,1.5,1.3,0.3,0,0.5,4.1,3.9,5.4,7.8,114.5,113"
",Julian Strawther,Den,*,G,23.7,9,7.9,23.3,9,13,0.692,14,0.643,16,0.125,0.4,0.462,3.7,1.6,0.4,0,0.1,0.3,5.2,4.1,5.7,6.7,95.6,110.5"
",Zeke Nnaji,Den,*,F-C,24.9,14,8.3,11.8,23.9,7,0.714,11,0.818,11,0.273,0.614,0.638,2.3,1.5,0.2,0.3,0.2,0.5,3.8,2.5,4,4.3,107,103.2"
",DaRon Holmes II,Den,*,F,23.3,2,2.2,9.7,0,0,0,0,0,1,1,1.5,1.5,1.5,0,0,0,0,0,1.5,1.5,1.5,0,0,0"
",Mark Sears,Mil,*,G,23.8,7,3.7,34.6,23.1,8,0.75,5,0.4,8,0.5,0.615,0.666,3.1,0.3,0.3,0,0,0.6,3.4,3.4,3.7,7.1,0,0"
",De'Andre Hunter,Cle,*,F-G,28,22,28.7,22.4,11.4,81,0.84,131,0.573,142,0.31,0.516,0.567,15.9,4.3,2.4,0.7,0.2,1.6,20.2,18.3,22.6,7.6,112.9,109.3"
",Liam McNeeley,Cha,*,F,20.2,18,14.1,14.3,13.1,23,0.826,22,0.364,44,0.409,0.53,0.585,4.9,2.4,0.9,0.2,0.1,0.6,7.4,5.8,8.3,6.2,118.4,110.1"
",Pat Connaughton,Cha,*,G,32.9,12,9.7,15.9,7.4,9,0.667,13,0.692,24,0.375,0.608,0.623,4.3,1.9,0.6,0.4,0.1,0.3,6.2,4.8,6.8,7,127,115.5"
",Quenton Jackson,Ind,*,G,27.2,5,20.1,21.1,13.9,18,0.722,25,0.56,12,0.5,0.622,0.657,11.8,3.4,3.6,1,0.2,1.2,15.2,15.4,18.8,10.4,131.7,110.2"
",Collin Murray-Boyles,Tor,*,F,20.5,21,17.6,16.3,19.5,32,0.625,78,0.577,25,0.48,0.612,0.624,7,3.3,1.3,0.6,0.3,1.2,10.2,8.3,11.6,7.1,118.5,105.9"
",Miles Kelly,Dal,*,G,22.9,2,5.7,11.2,33.3,0,0,1,1,1,0,0.5,0.5,1,2,0,0,0,0.5,3,1,3,0,81.2,96.6"
",Bogdan Bogdanovic,Lac,*,G,33.3,11,25.3,16.8,13.1,17,0.882,32,0.469,54,0.352,0.506,0.546,9.3,3.4,3.1,0.7,0.1,1.2,12.6,12.4,15.7,7.3,111.5,112.4"
",Chris Manon,Lal,*,G,24,2,3.5,6.2,0,0,0,0,0,1,0,0,0,0,1,0,0,0.5,0,1,0,1,0,0,0"
",Devin Carter,Sac,*,G,23.7,9,9.5,20.8,20.3,7,1,14,0.357,17,0.294,0.403,0.469,3.6,1.4,1.4,0.7,0.1,0.9,5,5,6.4,8.1,95.3,112.3"
",Luke Travers,Cle,*,F,24.3,11,8.9,16.9,5.5,9,1,18,0.333,16,0.063,0.221,0.316,2.2,1.9,0.8,0.5,0.4,0.2,4.1,3,4.9,6.7,92.3,112"
",Thomas Bryant,Cle,*,C-F,28.4,19,7.8,17.7,7,15,0.733,28,0.643,25,0.2,0.481,0.52,3.3,2.2,0.2,0.3,0.3,0.2,5.4,3.5,5.6,5.8,112.1,102.5"
",Colby Jones,Det,*,G,23.5,1,6.8,18,0,0,0,1,1,2,0,0.333,0.333,2,4,2,0,0,0,6,4,8,14.8,106.1,87.6"
",Bobi Klintman,Det,*,F,22.8,6,8.8,21.1,19.2,3,0,10,0.4,11,0.273,0.405,0.381,2.8,2.7,0.7,0.3,0,0.8,5.5,3.5,6.2,7.9,82,95.9"
",Tolu Smith,Det,*,F,25.4,2,11.2,22.1,10.7,7,0.714,8,0.75,0,0,0.75,0.767,8.5,5.5,1,0.5,0.5,0.5,14,9.5,15,12.9,156.3,100.6"
",Noah Penda,Orl,*,G-F,20.9,13,8.7,17.2,16.6,11,0.636,25,0.44,10,0.6,0.571,0.59,3.6,3.2,1.1,0.1,0.2,0.5,6.8,4.7,7.9,10.7,130.6,104.4"
",Eric Gordon,Phi,*,G,37,5,11.3,11.8,18.8,0,0,5,0.6,8,0.625,0.808,0.808,4.2,0.4,0.6,0.6,0,0.6,4.6,4.8,5.2,3.5,128,117.1"
",Hunter Sallis,Phi,*,G,22.7,6,4.2,18.2,48.9,2,0.5,5,0.6,0,0,0.6,0.595,1.2,0.2,0.7,0,0.2,0.8,1.3,1.8,2,5.3,75.3,114.4"
",Tyson Etienne,Bro,*,G,20,8,4.3,20,6.3,0,0,2,0,13,0.308,0.4,0.4,1.5,0,0.1,0,0,0.1,1.5,1.6,1.6,0,81.3,113.2"
",E.J. Liddell,Bro,*,F,25,7,4.6,17.8,0,3,0.667,4,0.75,8,0.25,0.5,0.526,2,1.3,0,0,0,0,3.3,2,3.3,0,119.8,109.9"
",JD Davison,Hou,*,G,23.2,11,6.7,10.5,5.6,2,0,8,0.5,9,0.444,0.588,0.559,1.8,0.4,0.9,0.3,0.1,0.1,2.2,2.7,3.1,5.2,136.3,113.4"
",Aaron Holiday,Hou,*,G,29.2,17,17.1,19.6,12.7,29,0.862,36,0.472,74,0.446,0.605,0.644,9.3,1,1.1,0.5,0.2,0.9,10.3,10.4,11.4,5.1,128.2,110.8"
",Jae'Sean Tate,Hou,*,F,30.1,14,8.3,13,11,2,1,20,0.6,12,0.417,0.609,0.623,2.9,1.6,0.5,0.3,0,0.3,4.5,3.4,5,6.4,131.9,98.2"
",Jeff Green,Hou,*,F,39.3,10,4.8,13.8,0,0,0,4,0.75,12,0.417,0.656,0.656,2.1,0.4,0.1,0,0.1,0,2.5,2.2,2.6,3.6,147.9,111.6"
",Ron Harper Jr.,Bos,*,G-F,25.7,4,5.1,21.3,0,0,0,2,0.5,8,0.25,0.4,0.4,2,0.8,1,0.3,0.5,0,2.8,3,3.8,9.2,114.6,110"
",DeAndre Jordan,Nor,*,C,37.4,2,11.7,12.3,16.1,2,0.5,5,0.8,0,0,0.8,0.765,4.5,5,0,0,0,0.5,9.5,4.5,9.5,0,144.8,119.6"
",Micah Peavy,Nor,*,G-F,24.4,22,16.1,15,7.4,14,0.714,77,0.494,35,0.2,0.433,0.453,4.9,2.5,1.1,0.6,0.1,0.4,7.3,6,8.4,5.9,105.5,115.9"
",Karlo Matkovic,Nor,*,F-C,24.7,16,10.9,14,12.7,8,0.375,38,0.763,10,0.5,0.76,0.738,4.8,2.7,0.9,0.1,0.6,0.4,7.4,5.6,8.3,8.3,136.2,112.2"
",Bryce McGowens,Nor,*,G,23.1,16,18.2,16.2,5.2,40,0.775,62,0.516,28,0.536,0.606,0.651,8.8,2.1,1.6,0.5,0.3,0.3,10.9,10.3,12.4,6.8,136.2,118.7"
",Ja'Kobe Walter,Tor,*,G,21.3,23,16.6,14.2,13.2,16,0.75,37,0.459,68,0.397,0.548,0.567,5.5,2,0.8,1,0.1,0.7,7.6,6.3,8.3,5,110.2,106.2"
",Hunter Tyson,Den,*,F,25.5,9,3.9,16.9,0,2,1,6,0.167,7,0.286,0.308,0.36,1.1,1.3,0.3,0.1,0,0,2.4,1.4,2.8,7.7,0,0"
",Caleb Love,Por,*,G,24.2,17,18.2,22.4,8.9,15,0.8,60,0.467,93,0.247,0.408,0.429,8.1,2.6,2.1,0.4,0,0.9,10.7,10.1,12.8,7.8,98,116.8"
",Sidy Cissoko,Por,*,G,21.7,20,19.1,12.6,16.8,19,0.684,41,0.561,53,0.34,0.532,0.552,5.7,2.3,1.3,0.5,0.2,1,7.9,7,9.2,5.4,109.1,111"
",Nick Smith Jr.,Lal,*,G,21.7,9,14.8,22.7,16.3,6,0.667,27,0.444,29,0.483,0.589,0.597,7.8,1.1,1.6,0.9,0.2,1.2,8.9,9.3,10.4,6.5,106.7,116.4"
",Trendon Watford,Phi,*,G-F,25.1,14,20.4,17.9,19.2,30,0.8,70,0.571,18,0.389,0.574,0.618,8.9,4.7,3.6,0.4,0.2,1.5,13.6,12.5,17.2,10.4,122.6,103.2"
",Jamir Watkins,Was,*,F,24.4,8,12.1,9.8,14,4,1,9,0.778,9,0.444,0.722,0.759,3.8,2.4,0.5,0,0.4,0.4,6.1,4.3,6.6,5.5,139.9,115.7"
",Myron Gardner,Mia,*,F,24.6,4,2.4,8.7,0,0,0,0,0,2,1,1.5,1.5,1.5,0.5,0.3,0,0,0,2,1.8,2.3,10.1,0,0"
",Mohamed Diawara,Nyk,*,F,20.6,17,3.3,15.1,26.3,2,0,8,0.375,6,0.333,0.429,0.403,0.7,0.6,0.5,0.2,0.1,0.3,1.4,1.2,1.8,7.2,0,0"
",Jahmyl Telfort,Lac,*,G,24.6,8,4,9.3,19.6,4,0.25,0,0,4,0,0,0.087,0.1,0.4,0.1,0.1,0,0.1,0.5,0.3,0.6,1.6,26.2,107.3"
",Elijah Harkless,Uta,*,G,25.9,7,9.4,11.2,20.9,9,0.778,4,0.5,7,0.286,0.455,0.568,2.4,0.9,0.7,0.6,0,0.4,3.3,3.1,4,4.9,114.7,109.2"
",Mac McClung,Ind,*,G,26.9,3,11.3,26.7,9.8,4,0.75,8,0.625,10,0.2,0.444,0.481,6.3,1.3,0.3,1.7,0.3,0.7,7.7,6.7,8,4.8,91,96.3"
",Orlando Robinson,Orl,*,C,25.4,3,7.2,9.6,0,0,0,3,0.667,2,0.5,0.7,0.7,2.3,1,0.7,0.3,0,0,3.3,3,4,6.5,165,102.6"
",Bilal Coulibaly,Was,*,G,21.4,12,27.1,16.5,19.4,35,0.771,50,0.46,41,0.268,0.434,0.498,8.8,4,3,1.3,1,1.8,12.8,11.8,15.8,7,99.1,118.3"
",Isaiah Joe,Okc,*,G,26.4,17,23.3,19.7,9.8,39,0.923,30,0.6,117,0.419,0.622,0.667,12.9,2.8,1.5,0.6,0.2,0.9,15.7,14.4,17.2,6.5,127.5,103.4"
",Mitchell Robinson,Nyk,*,C-F,27.7,16,17.5,9.5,25,25,0.2,39,0.667,0,0,0.667,0.57,3.6,8.2,1.1,0.8,0.9,0.8,11.8,4.6,12.8,7.3,139.9,99.2"
",Vince Williams Jr.,Mem,*,G,25.3,20,21.9,19.9,22.7,28,0.786,68,0.426,85,0.271,0.415,0.451,7.5,4.4,5.1,0.9,0.6,2.3,11.8,12.6,16.9,10.1,96.3,106.2"
",Kyle Anderson,Uta,*,F-G,32.2,8,18.3,16.4,13.4,15,0.733,44,0.523,1,1,0.544,0.581,7.5,2.8,3.3,1.5,0.4,0.9,10.3,10.8,13.5,9,124.8,109"
",Robert Williams III,Por,*,C-F,28.2,15,15.3,11.9,9.1,7,0.429,52,0.75,8,0.125,0.675,0.666,5.6,5.5,0.7,0.6,1.7,0.4,11.1,6.3,11.8,7.3,140.9,110"
",Daniel Gafford,Dal,*,F-C,27.2,15,22.9,15,20.3,43,0.791,82,0.61,0,0,0.61,0.664,8.9,6.4,1.3,0.9,1.4,1.4,15.3,10.2,16.6,7.3,126,103.3"
",Jeremiah Robinson-Earl,Ind,*,F,25.1,17,17.6,13.8,10.7,14,0.929,50,0.42,33,0.242,0.398,0.443,4.6,5.2,0.7,0.4,0.1,0.6,9.8,5.4,10.5,5.8,104.9,112.1"
",Kevon Looney,Nor,*,F,29.8,12,12.9,11.2,15.3,6,0.5,26,0.5,7,0.143,0.439,0.449,2.7,3.9,1.4,0.3,0.4,0.5,6.6,4.1,8,7.6,116.1,107.5"
",Johni Broome,Phi,*,F,23.4,6,6.5,25.5,9,4,0.5,17,0.235,3,0,0.2,0.23,1.7,2.2,0.7,0.3,0,0.3,3.8,2.3,4.5,8.5,73,102.1"
",Kyle Lowry,Phi,*,G,39.7,3,8.1,6.9,0,0,0,0,0,4,0.5,0.75,0.75,2,0.3,1.3,0.3,0,0,2.3,3.3,3.7,4.5,174.2,116.4"
",Kevin Love,Uta,*,F-C,37.3,15,15,16.7,13,18,0.778,20,0.65,53,0.358,0.568,0.599,6.5,4.5,1.7,0.3,0.3,0.7,11,8.2,12.7,9.8,126,111.1"
",KJ Simpson,Cha,*,G,23.3,12,15.9,21.6,20.6,14,0.643,43,0.372,30,0.367,0.445,0.467,6.2,2.4,2.4,1.1,0,1.6,8.6,8.6,11,8.3,93.5,112.3"
",Jevon Carter,Chi,*,G,30.2,14,14.3,18.4,9.5,10,1,19,0.368,57,0.421,0.566,0.597,6.9,1.4,1.2,0.8,0,0.6,8.3,8.1,9.5,6.3,117.6,115.2"
",Pacome Dadiet,Nyk,*,F,20.4,9,2.4,13.3,0,2,1,3,0.333,3,0,0.167,0.291,0.4,0.6,0.2,0,0,0,1,0.7,1.2,6.1,0,0"
",Koby Brea,Pho,*,G,23.1,2,3.9,20.8,0,2,1,1,1,2,0,0.333,0.515,2,0.5,1,0,0,0,2.5,3,3.5,10.3,0,0"
",Danny Wolf,Bro,*,F,21.6,10,16.8,21.7,19.4,18,0.833,32,0.438,30,0.5,0.589,0.629,8.8,4.2,1.7,0.2,0.3,1.5,13,10.5,14.7,9.5,114.7,115"
",Malaki Branham,Was,*,F,22.6,11,8,20.3,17.5,20,0.8,17,0.529,11,0.182,0.429,0.543,3.6,1.6,0.9,0.2,0.1,0.5,5.3,4.5,6.2,8.7,112.8,122.3"
",Charles Bassey,Mem,*,C-F,25.1,2,15.3,14,10.9,3,0.333,8,0.375,0,0,0.375,0.376,3.5,7.5,1,0.5,0.5,0.5,11,4.5,12,7.8,111.7,96.3"
",Jared McCain,Phi,*,G,21.8,15,17.8,19.9,10.5,6,0.833,51,0.412,60,0.35,0.473,0.484,7.3,1.9,1.6,0.8,0,0.9,9.2,8.9,10.8,6.3,98.4,109.9"
",Darius Garland,Cle,*,G,25.9,10,29,25,16.8,38,0.868,69,0.435,64,0.266,0.417,0.481,14.4,3,6.2,0.8,0.1,2.7,17.4,20.6,23.6,8.9,103.1,114.5"
",Nae'Qwan Tomlin,Cle,*,F,25,17,16.6,16.4,6.9,26,0.731,61,0.639,33,0.182,0.511,0.545,6.8,3.4,0.6,0.9,0.8,0.4,10.2,7.4,10.8,5.8,122,103"
",Cody Martin,Ind,*,F,30.2,4,13.8,12.6,28.1,6,0.5,5,0.4,5,0,0.2,0.277,1.8,3.5,0.5,1,0.5,1,5.3,2.3,5.8,4.2,54.9,106.2"
",Kelly Olynyk,San,*,F-C,34.7,14,11.2,16.3,21.4,21,0.762,19,0.684,21,0.333,0.588,0.64,4.5,2.5,1.7,0.4,0,0.8,7,6.2,8.7,9.6,128.1,101.6"
",Jeremy Sochan,San,*,F,22.6,17,16.3,16.5,14.8,16,0.688,61,0.607,25,0.28,0.552,0.57,6.2,3.6,1.4,0.5,0.2,0.9,9.8,7.6,11.2,7.7,117.2,102.6"
",Lindy Waters III,San,*,F,28.4,12,6.9,12.2,4.2,0,0,2,1,21,0.333,0.543,0.543,2.1,1.2,0.4,0.2,0,0.1,3.3,2.5,3.7,5.8,120.1,105.6"
",Precious Achiuwa,Sac,*,F,26.2,18,19.9,15.3,6.9,33,0.455,92,0.598,15,0.2,0.556,0.551,7.4,5.4,0.9,0.7,0.4,0.4,12.9,8.4,13.8,6.6,120.2,114.1"
",Jalen Green,Pho,*,G,23.8,2,14.9,38.2,7.9,5,0.6,9,0.556,14,0.429,0.609,0.615,15.5,2,2,1,0,1,17.5,17.5,19.5,10.6,122.2,113.3"
",Isaiah Collier,Uta,*,G,21.2,16,20.6,16.3,30.2,52,0.673,62,0.532,14,0.357,0.533,0.587,7.3,1.9,5.3,0.4,0.3,2.1,9.2,12.6,14.5,8.1,112.5,118.3"
",Maxi Kleber,Lal,*,F,33.9,10,12.1,6.8,11.5,4,0.75,7,0.429,8,0.375,0.5,0.537,1.8,1.8,0.6,0.2,0.3,0.2,3.6,2.4,4.2,4.1,127.6,107.8"
",De'Aaron Fox,San,*,G,28,16,32.7,29.8,16.3,90,0.844,173,0.543,103,0.388,0.558,0.608,24,3.8,6.3,1.4,0.3,3.4,27.8,30.3,34.1,10.2,118,111.2"
",Monte Morris,Ind,*,G,30.5,6,10.8,15.3,9,4,0.5,12,0.417,8,0.25,0.4,0.414,3,1.2,1.5,0.2,0.2,0.3,4.2,4.5,5.7,6.5,97.4,118.7"
",T.J. McConnell,Ind,*,G,33.7,15,16.6,23.8,7.7,1,1,114,0.544,17,0.353,0.542,0.544,9.5,2.4,4.3,1.2,0.2,0.7,11.9,13.9,16.3,11.1,119,111.1"
",Pete Nance,Mil,*,F,25.8,6,2.9,27.7,0,0,0,3,1,8,0.5,0.818,0.818,3,0.7,0.2,0,0,0,3.7,3.2,3.8,10.3,0,0"
",Wendell Moore Jr.,Det,*,G,24.2,3,14.4,6.6,14.3,0,0,5,0.6,1,0,0.5,0.5,2,1.3,1,0.7,0.3,0.3,3.3,3,4.3,3.8,111,116.2"
",Daeqwon Plowden,Sac,*,G-F,27.3,1,14,15.2,0,0,0,2,0.5,3,0,0.2,0.2,2,2,0,0,0,0,4,2,4,0,72,130.9"
",Doug McDermott,Sac,*,F,33.9,2,5.5,19.3,20,0,0,0,0,4,0.5,0.75,0.75,3,0,0,0,0,0.5,3,3,3,0,102.5,111"
",Jordan Miller,Lac,*,G,25.9,4,13.6,22,13.4,12,0.917,9,0.444,10,0.5,0.605,0.7,8.5,2.3,0.8,0.5,0,0.8,10.8,9.3,11.5,7.4,135.2,118"
",Garrett Temple,Tor,*,G-F,39.6,5,3.7,13.4,19.2,2,0.5,1,0,3,0.333,0.375,0.41,0.8,0.4,0.2,0.4,0.2,0.2,1.2,1,1.4,4.3,0,0"
",Jamal Cain,Orl,*,F,26.7,5,6.3,14.5,19.6,2,0.5,3,0.667,5,0.2,0.438,0.45,1.6,0.8,0.4,0.2,0.2,0.4,2.4,2,2.8,5.1,93.2,104"
",Antonio Reeves,Cha,*,G,23.1,6,8.8,12.7,0,0,0,6,0.5,10,0.5,0.656,0.656,3.5,0.8,0.3,0.2,0,0,4.3,3.8,4.7,4.3,138.8,117.9"
",Zach Edey,Mem,*,C,23.6,11,25.8,20.2,20.9,32,0.781,93,0.656,5,0.2,0.638,0.669,13.6,11.1,1.1,0.6,1.9,2.4,24.7,14.7,25.8,8.5,120,99.9"
",Adou Thiero,Lal,*,G,21.6,9,5.8,8.5,35.9,5,0.8,5,0.6,0,0,0.6,0.694,1.1,0.7,0.1,0.3,0,0.3,1.8,1.2,1.9,2.9,121.2,103"
",Coby White,Chi,*,G,25.8,8,29.3,31.2,15.6,65,0.8,67,0.537,57,0.298,0.496,0.573,21.9,3,5,0.5,0,2.9,24.9,26.9,29.9,9.4,111.3,117.5"
",Isaac Jones,Det,*,F,25.4,1,1.3,62.9,0,0,0,1,1,1,0,0.5,0.5,2,0,0,0,0,0,2,2,2,0,0,0"
",Paul George,Phi,*,F,35.6,9,25.4,25,12.2,30,0.833,58,0.466,50,0.38,0.514,0.561,15.1,5.1,3.3,1.6,0.3,1.7,20.2,18.4,23.6,10,112.9,108.6"
",Drew Peterson,Cha,*,F,26.1,5,11.9,11.2,0,2,0.5,4,0.5,11,0,0.133,0.157,1,1.4,0.4,0.6,0.2,0,2.4,1.4,2.8,2.8,55.2,116.3"
",LeBron James,Lal,*,F,41,8,33.5,22.6,12.6,28,0.607,75,0.547,36,0.306,0.518,0.535,16.5,6,7.6,0.6,0.6,2,22.5,24.1,30.1,10.9,116.4,115.5"
",Jamaree Bouyea,Pho,*,G,26.5,9,15.1,15.4,6.2,4,0.75,26,0.654,19,0.632,0.778,0.781,8.1,1.2,1.9,0.7,0.3,0.3,9.3,10,11.2,7,156.1,115.8"
",Javonte Cooke,Por,*,G,26.4,5,6.1,20.7,25,0,0,7,0.286,5,0.2,0.292,0.292,1.4,0.6,1,0.2,0,0.8,2,2.4,3,6.2,66.9,121.1"
",Keegan Murray,Sac,*,F,25.3,10,36.8,18.1,5.5,24,0.708,80,0.575,58,0.259,0.496,0.518,15.4,7.4,1.6,1.8,1.4,0.8,22.8,17,24.4,6.2,108.8,117"
",Jahmai Mashack,Mem,*,G,23.1,2,4.7,22,0,0,0,1,0,4,0.5,0.6,0.6,3,1,0,0,0,0,4,3,4,0,113.7,117.2"
",Garrison Mathews,Ind,*,G,29.1,10,14.7,13.5,7.4,17,0.824,3,0.667,34,0.324,0.5,0.573,5.1,1.2,0.7,0.3,0.2,0.3,6.3,5.8,7,4.4,119.9,114.7"
",Noa Essengue,Chi,*,F,19,2,3,20.8,0,0,0,1,0,2,0,0,0,0,0,0,0.5,0,0,0,0,0,0,0,0"
",Jaden Ivey,Det,*,G,23.8,10,14.4,21.9,15.6,16,0.875,33,0.515,26,0.385,0.542,0.591,7.8,2.6,1.4,0.4,0.1,1.1,10.4,9.2,11.8,8.5,115.4,106.2"
",Chris Livingston,Cle,*,F,22.2,3,5.8,17.6,0,1,1,4,1,3,0,0.571,0.605,3,1,0.3,0.3,0,0,4,3.3,4.3,6.7,129.1,91.3"
",Tosan Evbuomwan,Nyk,*,F,24.8,4,1.8,5.9,0,0,0,1,0,0,0,0,0,0,0.5,0,0,0,0,0.5,0,0.5,0,0,0"
",Tyler Herro,Mia,*,G,25.9,6,31.8,25.1,6.6,26,0.923,62,0.565,37,0.405,0.581,0.629,23.2,5,2.3,1,0.5,1.2,28.2,25.5,30.5,8.1,122,111.6"
",Isaiah Crawford,Hou,*,F,24.1,2,2.3,8.9,0,0,0,0,0,1,0,0,0,0,0,0,0,0,0,0,0,0,0,0,0"
",Drew Timme,Lal,*,F,25.3,2,3.9,11.1,0,0,0,1,1,1,0,0.5,0.5,1,1,1.5,0.5,0,0,2,2.5,3.5,11.7,0,0"
",Kenrich Williams,Okc,*,G-F,31,7,16,15.7,15.7,6,0.5,17,0.529,15,0.467,0.609,0.606,6,2.9,2,0,0,0.9,8.9,8,10.9,8.2,117.7,102.7"
",Jalen Williams,Okc,*,G-F,24.7,6,28,26.2,9.6,20,1,70,0.514,14,0.286,0.5,0.56,17.3,5.2,6.2,1.2,0.8,1.5,22.5,23.5,28.7,11.8,119.8,101.1"
",Lachlan Olbrich,Chi,*,C,22,5,7.2,9.3,25,0,0,3,0.333,3,0,0.167,0.167,0.4,2.2,0.6,0,0,0.4,2.6,1,3.2,4.5,70.7,98.2"
",Emanuel Miller,Chi,*,F,25.5,5,6.6,17.4,0,2,0.5,7,0.571,6,0.333,0.538,0.54,3,0.6,0.8,0.4,0,0,3.6,3.8,4.4,6.8,124.2,116.9"
",Curtis Jones,Den,*,G,24.2,2,1.6,40.1,0,0,0,2,0.5,1,0,0.333,0.333,1,1,0,0,0,0,2,1,2,0,0,0"
",Chucky Hepburn,Tor,*,G,22.8,2,6.6,22.4,14.3,0,0,1,0,5,0,0,0,0,0.5,1,0.5,0,0.5,0.5,1,1.5,0,19.6,101.6"
",Trey Alexander,Nor,*,G,22.6,3,12.5,11.2,10,0,0,6,0.667,3,0.667,0.778,0.778,4.7,1.3,1.3,0.3,0.3,0.3,6,6,7.3,6.4,145.2,115.6"
",Kasparas Jakucionis,Mia,*,G,19.5,1,0.9,90.7,0,0,0,2,0,0,0,0,0,0,0,0,1,0,0,0,0,0,0,0,0"
",Ethan Thompson,Ind,*,G,26.6,5,21,9.3,0,3,0.667,6,0.667,16,0.438,0.659,0.665,6.2,1.8,1.4,0.6,0.4,0,8,7.6,9.4,4.8,149.2,111"
",Seth Curry,Gol,*,G,35.3,2,16.1,11.9,0,0,0,5,0.8,4,0.5,0.778,0.778,7,2,1.5,1,0,0,9,8.5,10.5,6.9,164.1,106.7"
",Trentyn Flowers,Chi,*,F,20.8,2,2.8,29.7,25,0,0,2,1,1,0,0.667,0.667,2,0.5,0.5,0,0,0.5,2.5,2.5,3,11.3,0,0"
",De'Anthony Melton,Gol,*,G,27.5,3,19.6,26.8,16,14,0.786,15,0.533,11,0.273,0.481,0.56,12,1.3,1.7,1.7,0.3,1.7,13.3,13.7,15,6.1,106,102.2"
",Zach Collins,Chi,*,F-C,28.1,3,19.8,15.6,4.9,5,0.8,12,0.583,7,0.429,0.605,0.637,9,6,1.3,0,0.7,0.3,15,10.3,16.3,8.3,142,114"
",Marcus Sasser,Det,*,G,25.2,2,4.2,19.5,0,0,0,2,1,2,0.5,0.875,0.875,3.5,0,1.5,0,0,0,3.5,5,5,0,190.3,84.4"
",A.J. Lawson,Tor,*,G,25.4,2,8.2,28.1,0,2,1,6,0.333,4,0.5,0.5,0.551,6,2.5,0,0,1,0,8.5,6,8.5,0,117.4,82.7"
",Alijah Martin,Tor,*,G,24,2,3.3,6.5,0,0,0,1,0,0,0,0,0,0,0,0,0.5,0,0,0,0,0,0,0,0"
",Kevin McCullar Jr.,Nyk,*,G,24.7,1,1.2,34.9,0,0,0,0,0,1,1,1.5,1.5,3,1,0,0,0,0,4,3,4,0,0,0"
",Josh Green,Cha,*,G,25.1,1,17.4,4.8,0,0,0,1,1,1,0,0.5,0.5,2,0,1,1,0,0,2,3,3,0,123.9,111.2"
